Loughran,Mary,Andrea,291,0,Felixstowe
Wedeking,Amy,Thomas,410,1,New-Jersey
Carter,Mark,Deana,126,3,Salalah
Tarkington,Clarence,Jeannette,220,2,Lianyunguang
Stambaugh,Tracy,Timothy,301,2,Marsaxlokk
Knight,Elbert,Kathryn,390,3,Antwerp
Dubois,Sonya,Carol,407,1,Barcelona
Allen,Darlene,James,143,0,Rizhao
Lau,Jeanne,Frank,386,0,Singapore
Otwell,Calvin,Becky,342,3,Barcelona
Thompson,Lucille,Darnell,139,0,Keihin
Keown,Richard,Jennifer,308,0,Bremen
Simoneau,Bernard,Shannon,145,2,Tianjin
Moore,Shirley,Bonnie,385,0,Shenzhen
Donald,Colleen,Gail,343,3,Salalah
Mai,Jeffrey,James,312,2,Colombo
Strunk,Marcos,Beverly,227,0,New-Jersey
Mullens,Cherie,Kathleen,291,3,Tanger-Med
Larson,Christopher,John,259,1,Laem-Chabang
Anderson,Deborah,Michael,322,1,Dalian
Miranda,Robert,John,434,3,Santos
Vanaria,James,John,187,1,Singapore
Whitman,Jonathan,Michael,342,2,Bremen
Levine,Estelle,Virgil,206,3,Algeciras
Toscano,Greta,Patsy,158,1,NingboZhoushan
Hsu,Jewell,Bobby,358,0,Yingkou
Williams,Michele,Carol,280,2,Tanger-Med
Aran,Velma,Helen,489,2,Singapore
Haertel,William,Clint,268,2,Rotterdam
Cook,Ronald,Jenny,145,2,Antwerp
Wagner,Vincent,Jesus,299,0,Hamburg
Batters,Harry,Justin,115,0,Marsaxlokk
Skousen,Barbara,Carlos,449,0,Cai
Gonzalez,Lois,William,115,3,Cai
Radabaugh,Billy,Bryon,357,0,Yingkou
Patterson,Lilia,Marshall,160,2,Algeciras
Weaver,Stanley,Bonnie,213,3,Lianyunguang
Encarnacion,Evelyn,Shannon,461,2,HongKong
Brubaker,Sandra,Helen,162,1,Klang
Dee,Ethel,Barbara,248,2,Jebel
Delatorre,Vincent,Leah,341,1,Mundra
Tyson,Keith,Edna,199,0,Jeddah
Moore,Conrad,Thomas,107,0,Jawarharlal-Nehru
Mendez,Jarrett,Elizabeth,186,3,Colombo
Barnes,Adam,Micheal,440,3,Colombo
Molina,Barbara,David,351,1,Cai
Patterson,Lillie,Gail,350,3,Mundra
Hurst,Richard,Dan,156,2,Colombo
Mahaffey,Danielle,Linda,211,2,Marsaxlokk
Taylor,Maria,Woodrow,369,0,Manila
Jackson,Vesta,Marybelle,182,0,Marsaxlokk
Addison,Sallie,Henry,189,0,Shanghai
Walters,Edmond,Helen,427,2,Cai
Dyer,Daniel,Charles,167,1,Tokyo
Mccall,Shirley,David,189,0,Algeciras
Meyers,Lee,Patricia,278,1,Laem-Chabang
Villeda,Bryon,Frank,276,0,NingboZhoushan
Christensen,Angela,Glen,402,0,Shanghai
Maddox,Nannie,Anthony,283,2,Salalah
Horner,Laura,Christopher,458,3,Long-Beach
Marks,Charles,Melba,184,3,Klang
Uutela,Yvonne,Tabitha,458,2,Laem-Chabang
Ek,Martin,Terry,348,1,Tanger-Med
Fisher,Robert,Megan,460,3,Manila
Guzman,Rosa,Rosendo,396,2,Busan
Harris,Shirley,Annie,463,3,NingboZhoushan
Nelson,Irma,Eleanor,359,1,Mundra
Vanover,Robert,David,441,0,Jeddah
Wolfe,Stacy,Nancy,493,2,Mundra
Musty,Tracy,Jose,272,1,Manila
Leesman,Patrick,Linda,238,0,Laem-Chabang
Wealer,Clarence,Gina,137,2,Manila
Hoffman,Charles,Bernice,266,1,Manila
Bouyer,Patricia,Mary,380,2,Salalah
Brickner,Kristi,Donte,470,0,Santos
Cruz,Daniel,Luke,359,2,HongKong
Flamand,Anthony,Charles,240,3,Colon
Healy,Allen,Paul,349,1,NingboZhoushan
Kubis,Charles,April,424,3,Colombo
Marcus,Felipe,Kenneth,250,3,Dalian
Lyles,Corey,James,380,3,Tianjin
Magee,Melissa,Benjamin,135,3,Lianyunguang
Fabre,Kathleen,Charlotte,148,0,Los-Angeles
Mccorrison,Louise,Malinda,395,1,Lianyunguang
Sullivan,Ralph,Walter,246,2,Ho-Chi-Minh
Key,Lawrence,Patrick,448,0,Tanger-Med
Dozier,Hannah,Raul,448,1,Mundra
Allen,Michael,Kendall,344,1,Colombo
Burke,Mary,Glenn,141,2,Klang
Miraflores,Bruce,Robert,253,2,Qingdao
Foxman,Virginia,Joan,211,0,Laem-Chabang
Mondell,Amber,Jessica,221,1,Dalian
Lipsitz,Raymond,Linda,343,2,Marsaxlokk
Taylor,Janet,Rachel,253,2,Manila
Hall,Robert,Christopher,137,1,Lianyunguang
Cruz,Brenda,Joyce,439,0,Jawarharlal-Nehru
Stockton,Christina,Joshua,104,1,Lianyunguang
Burtner,Jeffrey,Evan,498,2,New-Jersey
Mundy,Paul,Michael,364,2,Fuzhou
York,Travis,Megan,181,0,Jawarharlal-Nehru
Toy,Earl,Michael,494,0,Los-Angeles
Dickson,Katharine,Tia,310,1,Mundra
Jones,Judith,Donna,471,3,Singapore
Miller,Daniel,George,120,1,Shanghai
Lajoie,Lester,Shannon,319,2,Rizhao
Wellington,Peter,James,426,0,Singapore
Ball,Santos,Thomas,199,1,New-Jersey
Daniels,Edwin,Allan,196,3,Jawarharlal-Nehru
Daliva,Teresa,Frances,112,3,Lianyunguang
Mcdonald,Gregory,Carl,471,1,Singapore
Hopper,Rhiannon,Raymond,487,3,Shanghai
Calderone,Bob,Virgil,243,0,Los-Angeles
Manigault,Robert,Stephanie,169,3,Barcelona
Gries,Michael,Alex,482,2,Busan
Kelly,George,William,214,1,Tianjin
Haney,Kristen,Scott,483,3,Kaohsiung
Marcum,Miriam,Bradley,454,2,Tokyo
Muir,Connie,George,382,1,Rizhao
Navarrette,Arthur,Emanuel,467,3,Savannah
King,Teresita,Justin,145,3,New-Jersey
Schneider,Angela,Rachael,270,3,Tanjung-Priok
Schaeffer,Salvador,Tiffany,454,2,Felixstowe
Godfrey,Jose,Ruben,317,1,Shanghai
Negbenebor,Cesar,John,361,3,Laem-Chabang
Balistrieri,Rodney,James,427,3,Hamburg
Gonzalez,Douglas,Ethel,108,3,Fuzhou
Peterson,Jeffrey,Tonya,278,0,Fuzhou
Acosta,Dorothy,Chris,183,3,Antwerp
Jacklin,Lorraine,Annie,401,3,Santos
Horton,Jodie,William,181,0,Algeciras
Patella,Brandon,Timothy,315,3,Cai
Crawford,Maurice,Joshua,115,3,Mundra
Chico,Barry,Timothy,239,1,Mundra
Painter,Ashley,Diane,485,3,Jeddah
White,Rebecca,Ann,221,3,Antwerp
Lane,Amy,Donald,269,2,Yingkou
Jackson,Oscar,Sharon,391,2,Yingkou
Neves,Kevin,Jane,255,2,HongKong
Cardenas,Tyler,Robin,489,0,Rotterdam
Holloway,Antonio,Stephen,275,1,Mundra
Austin,George,Linda,273,2,Long-Beach
Colangelo,Deborah,John,138,0,Shanghai
Taylor,Daniel,Lillie,450,1,Shenzhen
Cobbins,Deborah,John,111,1,Qingdao
Brice,Paul,Harold,441,1,Tianjin
Robbins,Joe,Jeffrey,312,0,Dongguan
Carroll,Laurie,Sharon,439,2,Marsaxlokk
Patterson,Jim,Santiago,114,0,Tanjung-Priok
Cunningham,Christine,Marcus,474,2,Barcelona
Glass,Odette,Victoria,181,1,Santos
Brown,Karen,Bobby,474,0,Rotterdam
Brooks,Aretha,William,230,1,Piraeus
Jones,Alyssa,Roger,362,3,Tanger-Med
Reyes,Marco,Claude,151,0,Tanger-Med
Franks,Louella,Terry,252,1,Algeciras
Tedrick,Robert,Jonathan,195,1,Rotterdam
Theobald,George,Douglas,246,3,Tianjin
Licata,Dorothy,Robin,340,3,Busan
Ellis,Kenneth,Paula,367,3,Singapore
Cook,Josefa,Wanda,227,0,Keihin
Relf,Ann,William,218,2,Dongguan
Lee,Dorothy,Dante,389,0,Jawarharlal-Nehru
Armstrong,Ressie,Gregory,156,3,Tanjung-Pelepas
Brooks,Mindy,Morton,278,3,Jawarharlal-Nehru
Jacobson,Philip,John,435,0,Lianyunguang
Malave,Stephen,Soledad,172,2,Savannah
Escobar,Katie,Jeff,130,2,Jebel
Singer,Latoya,Donna,386,0,Klang
Johnson,Billy,Ruby,115,0,Tanjung-Pelepas
Moore,Timmy,Manuel,352,0,Colombo
Campbell,Ira,Casey,397,3,NingboZhoushan
Snider,Guadalupe,Amy,199,1,Yingkou
Bonilla,Ruth,Elizabeth,187,0,NingboZhoushan
Venneri,Philip,Evelyn,326,1,Tokyo
Moland,Devin,Sandra,127,2,Xiamen
King,Jose,Patrick,480,2,Rizhao
Underdown,Michael,Catherine,104,3,Rotterdam
Macomber,Nolan,Cynthia,273,2,Jebel
Lamarre,Jesus,Bridgette,444,0,Tanjung-Pelepas
Stocks,Cynthia,Francisco,169,1,Piraeus
Torres,Karin,Billy,145,3,Keihin
Cameron,Lois,Samantha,168,2,Bremen
Potts,Katie,Cristi,246,2,Manila
Phillips,Ronald,Sharon,313,0,Cai
Keaney,Belinda,Minh,356,0,Tokyo
Osborne,Gladys,Estella,324,3,Fuzhou
Peppers,Elbert,Stephen,265,1,Singapore
Caldwell,Richard,Gregory,105,2,Marsaxlokk
Munson,Peter,Donald,227,3,Yingkou
Anderson,Patricia,Vincent,213,0,HongKong
Hamilton,Duane,Brenda,277,1,Fuzhou
Sweatt,Kenneth,Edward,377,0,NingboZhoushan
Kuntzman,Jessica,Jon,300,1,Jeddah
Nelson,Steve,Eileen,267,1,Kaohsiung
Nesbit,Charlie,Harry,209,0,Piraeus
Amrhein,Michael,Colton,171,2,NingboZhoushan
Vanwagner,Claudia,Jesus,416,2,Antwerp
Grober,Mindy,Naomi,489,1,Laem-Chabang
Blecha,Peter,Edward,116,3,Kaohsiung
Murphy,Allen,Karen,343,2,Vancouver
Starks,Frank,Freddie,220,1,Felixstowe
Coney,Jan,Gina,186,3,Tanjung-Pelepas
Devita,Bryon,Charles,280,2,Tianjin
Belvin,James,William,140,0,Laem-Chabang
Sugar,Fred,Willie,413,2,Mundra
Vaughn,Erin,Kathy,115,2,Lianyunguang
Muniz,Agnes,Scott,372,1,Lianyunguang
Odell,John,Christopher,118,3,Yingkou
Aceves,John,Rolanda,316,3,Colombo
Timberlake,Maria,Brandy,114,3,Xiamen
Breland,Scott,Mark,212,2,Colon
Maddox,Catherine,James,343,0,Cai
Duke,Keith,Robert,178,3,Rizhao
Bentley,William,Michael,113,3,Algeciras
Beaver,John,Carol,147,2,Santos
Siegel,Bobbie,Nancy,295,3,Colon
Slaughter,Sandra,Bianca,485,1,Tanjung-Priok
Engles,Jeremy,Frances,215,3,Rizhao
Mcadoo,Helena,Donald,356,0,Santos
Stamey,Amanda,George,212,1,Qingdao
Rasco,Ronald,John,247,3,Savannah
Santiago,Lori,Arthur,138,0,Kaohsiung
Davis,Sue,Sue,276,1,Fuzhou
Ekmark,Steven,Dolores,294,1,Rizhao
Barnett,Brenda,Leah,463,3,New-Jersey
Arnold,Jordan,Robert,329,0,New-Jersey
Jean,Don,Karen,344,0,Dalian
Bryant,Stephen,Leonard,220,0,Salalah
Bartel,Alex,Anthony,473,1,Qingdao
Ehmann,Mary,Linda,132,2,Vancouver
Mccurdy,Mary,Minnie,198,1,Los-Angeles
Tsang,Eric,Virginia,281,3,Santos
Flores,James,Connie,197,0,Rizhao
Scholtens,Catherine,Randy,322,3,Jawarharlal-Nehru
Bixler,Georgia,Cathy,478,3,Dongguan
Kirby,James,Curtis,398,0,Lianyunguang
Brown,Christian,Katherine,333,1,Manila
Gutierrez,Harvey,Iliana,361,0,Bremen
Johnson,Karen,Donna,371,3,Laem-Chabang
Burnett,Ruth,Susan,360,1,Jebel
Cox,Kevin,Jordan,389,2,Antwerp
Volcko,Joseph,Lisa,222,2,Hanshin
Oliva,Carolyn,Brian,241,1,Marsaxlokk
Sanford,Michael,Melissa,245,1,Jawarharlal-Nehru
Sheffield,Kenneth,Ron,376,1,Los-Angeles
Hazzard,John,Kevin,324,1,Mundra
Chi,Michael,Faye,169,1,New-Jersey
Barbera,Dan,Charles,153,3,Rotterdam
Beatty,James,Viola,117,3,Jawarharlal-Nehru
Hunter,Joshua,Patricia,249,0,Tanjung-Priok
Clarke,Alex,Connie,365,1,Klang
Norris,Robert,Peter,115,3,Jawarharlal-Nehru
Evans,Katherine,Michael,231,2,Shenzhen
Stribley,Deborah,Julia,443,1,Tanjung-Pelepas
Allegra,John,Julia,461,1,Qingdao
Mosley,Tanya,Juli,399,3,Tokyo
Owens,Aubrey,Joseph,262,3,Tanjung-Pelepas
Chase,Herbert,Michelle,171,0,Tokyo
Guillory,Diana,John,227,0,Piraeus
Travers,Tressie,William,476,0,Barcelona
Rivera,Percy,Evelyn,314,3,Dalian
Muir,Clifton,Velma,124,0,Vancouver
Brammer,Geri,Samantha,229,0,Ho-Chi-Minh
Slaton,Caroline,Frances,427,2,Vancouver
Dodson,Geoffrey,Mary,491,0,Rotterdam
Damico,Angela,Miguel,470,2,Keihin
Gambrell,Diane,John,197,1,Colon
Filgo,Seth,Melvin,282,1,Tanjung-Priok
Longoria,Ryan,Mark,115,1,Algeciras
Mora,Sara,Janie,144,1,Algeciras
Varela,Miguel,Michael,207,0,Felixstowe
Block,Anne,Andre,100,3,Laem-Chabang
Springs,Deborah,Deanna,426,3,Tanjung-Pelepas
Zack,Stanley,Diane,328,1,Ho-Chi-Minh
Brooks,Ashley,Michael,368,0,GuangzhouHarbor
Schmidt,Alexander,Betty,282,1,Yingkou
Azevedo,Marco,Thomas,279,1,Felixstowe
Allen,Micheal,Daniel,345,2,HongKong
Stein,Joyce,Barbara,285,0,Fuzhou
Fuentes,Ann,Linda,432,1,Vancouver
Carl,Elaine,Theresa,139,3,Dalian
Thomas,Astrid,Francis,232,2,Algeciras
Stevens,Shirley,Charles,129,2,Tanger-Med
Henson,Matthew,Christine,265,1,Laem-Chabang
Chapple,Michael,Michael,204,0,Singapore
Evans,Nathan,Thomas,323,1,Ho-Chi-Minh
Frederick,Paul,Vincent,123,2,Tianjin
Barber,Raymond,Christopher,469,1,Tanger-Med
Campbell,Bessie,Rodolfo,352,2,NingboZhoushan
Bird,Dolores,Robert,149,3,Manila
Young,Mabel,Tiffany,348,2,Yingkou
Gainey,Thomas,Bruce,250,0,Marsaxlokk
Nixon,Jose,Randy,122,2,Fuzhou
Cordero,Eric,Sherry,329,2,Jebel
Runnels,William,Terrilyn,108,1,Shanghai
Knuth,Randall,Ruth,188,1,Los-Angeles
Herndon,Betty,William,500,1,Jebel
Girdler,Michael,Brian,286,1,Felixstowe
Hanes,Sandra,Ashley,397,2,New-Jersey
Norman,John,Ismael,161,2,Jeddah
Summers,Amy,Melvin,122,1,NingboZhoushan
Wilson,Jay,Virgilio,471,2,Felixstowe
Aaberg,Darla,Juliana,351,1,Dalian
James,Ray,Robert,276,0,Savannah
Neely,Ronald,Viola,201,3,Kaohsiung
Broughton,Issac,Patrick,326,1,Rizhao
Davis,Lynn,Kathleen,328,1,Xiamen
Stern,Vickie,Sarah,448,0,Xiamen
Nix,Charlene,Arthur,334,3,Los-Angeles
Collins,Karl,Jeffrey,117,3,Dalian
Heath,Julia,Walter,172,1,Los-Angeles
Taggert,Steven,Janet,162,3,Busan
Tucker,Donnie,Barbara,271,1,NingboZhoushan
Underwood,Sean,Patricia,304,2,Los-Angeles
Louis,Peter,Lucy,297,2,Fuzhou
Virgil,Judy,Isabelle,446,0,HongKong
Kelly,Ralph,Tracy,480,0,Qingdao
Hopper,Joseph,Esther,392,3,Piraeus
Setzer,Eva,Lisa,231,0,Long-Beach
Kujawa,Rochelle,Emilia,316,2,Tanjung-Priok
Carmichael,Rachelle,Jeffrey,215,0,Colombo
Griffo,Phil,Jose,469,0,New-Jersey
Moore,Elvera,Jeffrey,422,2,Long-Beach
Kindred,Holly,Lucy,348,3,Tianjin
Kirsch,Bridget,Chad,359,1,Fuzhou
Gordon,David,Katie,169,1,Tanjung-Priok
Clark,Harry,Leland,249,2,Algeciras
Milligan,Michael,Casey,479,1,Colon
Vinson,Nicky,Daniel,425,0,Colombo
Hernandez,Ralph,Dorothy,313,0,Xiamen
Jones,Jose,Lana,314,3,Tianjin
Diaz,Louie,Orpha,386,2,Laem-Chabang
Kettler,Roy,Mark,180,2,Piraeus
Davila,Thomas,Edmundo,140,3,GuangzhouHarbor
Koopman,Robert,Tony,427,1,Rizhao
Smith,Christopher,Raymond,385,2,Hanshin
Nolan,Joseph,Virgie,253,0,Kaohsiung
Cox,Alexander,Marie,113,3,Cai
Horne,Shanna,Richard,274,1,NingboZhoushan
Gonzalez,Peggy,Nathaniel,333,3,Algeciras
Calbert,Melissa,Dennis,103,2,Los-Angeles
Tate,Carl,Erin,128,1,Lianyunguang
Jeanette,Leonard,Milton,125,2,Algeciras
Mathis,Donald,Ashley,334,2,Shenzhen
Ison,Ronald,Jason,313,2,Ho-Chi-Minh
Vanburen,Jenifer,Elizabeth,285,3,Dalian
Bickley,Alfred,Deborah,451,1,Barcelona
Colwell,Linda,Kelsie,445,0,Fuzhou
Kitanik,Michael,Timothy,222,1,Long-Beach
John,Jonathan,Stacy,256,1,Tianjin
Mclean,Thelma,Rudy,149,2,New-Jersey
Mcneal,Chris,Natasha,291,1,Shanghai
Lundin,Adriana,Leslie,171,1,Tanjung-Priok
Devereux,Maurine,Ruth,170,2,Tianjin
Bridenbaker,Roxana,Howard,167,3,Long-Beach
Tyler,Ophelia,Daniel,233,2,Algeciras
Castillo,Rita,Miguel,140,0,Jawarharlal-Nehru
Brewer,Catherine,Samuel,116,0,Colombo
Nichell,Jeffrey,Donald,269,0,Hanshin
Thompson,Lisa,Gary,176,0,Tokyo
Blackwood,Kelli,Fannie,119,0,Colombo
Mooney,Alissa,Bertha,167,0,Felixstowe
Pino,Juliana,John,239,1,Tanger-Med
Wilson,James,Jared,340,2,Xiamen
Fraley,Jake,Jeanette,147,0,Tanger-Med
Burchinal,Daniel,Jeremy,367,1,Keihin
Lowry,Lynda,Jonathan,211,0,Yingkou
Patton,Frank,Allen,261,0,Tanjung-Pelepas
Tucker,Patsy,Leoma,443,0,Manila
Frith,Jennifer,Deborah,321,2,Hanshin
Garcia,Jeff,Andrew,297,0,Hamburg
Boynton,James,Jonathan,148,3,Colombo
Spoon,David,Kathy,434,0,Busan
Resendez,Amy,William,105,2,Long-Beach
Kook,Carmen,Jamie,465,1,Santos
Delong,Darrell,Charles,321,0,NingboZhoushan
Miller,Stanley,Sidney,217,0,Dongguan
Martinez,Ernesto,Gabriela,437,3,Fuzhou
Anders,Donna,Johnny,262,0,Hanshin
Henderson,John,Renae,249,0,Tokyo
Johnson,Doris,Richard,200,1,Algeciras
Munoz,Anthony,Margaret,206,3,Busan
Earl,Audrey,Simone,155,3,Klang
Hosford,Tommy,Stephanie,443,0,Hamburg
Shoults,William,Rose,337,2,Yingkou
Holmes,Jennifer,Jerry,475,3,Jawarharlal-Nehru
Barton,Valeria,Cristal,163,0,Keihin
Rasche,Raymond,Bruce,306,0,Shenzhen
Burkhart,Danny,Amy,428,1,Xiamen
Andrews,Margaret,Derek,171,0,Santos
Leary,Cynthia,James,449,1,Long-Beach
Harris,Richard,Mary,448,1,Yingkou
Trynowski,Kayla,Jeanette,142,3,Bremen
Nicholas,Beverly,Edwin,355,2,Mundra
Ward,Thomas,Barbara,103,3,Piraeus
Anderson,Kathy,Brandon,176,0,Hamburg
Holleran,Carole,Edmond,454,3,HongKong
Churchill,Steven,Gene,174,2,Singapore
Escalante,David,Jared,338,3,Los-Angeles
Holmes,Teri,Ronnie,373,3,Shenzhen
Franklin,William,Marion,178,0,Shenzhen
Mcdaniel,John,James,447,0,Salalah
Dotson,Richard,Mildred,124,2,NingboZhoushan
Hickel,David,Edward,195,1,Tokyo
Lewis,John,Valerie,355,0,Lianyunguang
Jones,William,Esmeralda,133,0,Long-Beach
Morgon,Isaac,Delores,444,3,Shenzhen
Lopinto,Alexander,Brandon,439,1,Manila
Rodgers,Dania,Jean,164,0,Antwerp
Jett,Jane,David,420,1,Tanjung-Pelepas
May,Terrell,Dollie,460,1,Klang
Zecca,Laura,Thomas,230,1,Santos
Aadland,Casey,Linda,283,3,Felixstowe
Friend,Eldora,Robert,141,3,Keihin
Sanchez,Keshia,Sandy,329,2,Tanjung-Priok
Collier,Katherine,Sandra,105,3,Jebel
Givens,Jerri,Cyrus,338,3,Xiamen
Brown,Kevin,Philip,364,0,Dalian
Laws,Maria,Virginia,391,0,Marsaxlokk
Vinson,Mary,Janice,448,0,Keihin
Corella,Virginia,Ryan,386,2,Tanjung-Pelepas
Chavez,Joan,Trudy,248,0,Hamburg
Jenkins,Charles,Simon,324,0,Los-Angeles
Whitten,Gregory,Kenneth,337,0,Los-Angeles
Dunham,Viola,Eli,446,1,Vancouver
Grimes,Eva,Lynne,373,2,Santos
Jones,Patricia,Nancy,423,1,Colombo
Liles,Bobby,Sandra,360,0,Laem-Chabang
Caceres,Johnnie,James,121,0,Colon
Hallock,Andrew,Kenneth,238,2,Long-Beach
Green,Cecil,Alice,236,0,Mundra
Mangrum,Jennie,Joseph,130,3,Fuzhou
Pierce,Meagan,Jack,103,0,Hamburg
Cullen,Amy,Max,294,3,Klang
Herrmann,Megan,Laura,432,0,Mundra
Griffith,James,Esther,372,0,Hamburg
Held,Adrian,Darrick,388,0,Tanger-Med
Levin,Henry,Richard,391,1,Tanger-Med
Bump,Clyde,Robert,202,0,Barcelona
Freedman,Darlene,Neil,175,1,Klang
Alessio,Cynthia,Samara,488,3,HongKong
Papa,Bradley,Elmer,247,0,Manila
Blakley,Virginia,Larry,402,0,Colon
Shaw,Zella,Alan,420,3,NingboZhoushan
Grubb,Sharon,Steven,496,1,Tianjin
Washington,Scott,Rene,130,1,Tanjung-Priok
Dueno,Monty,Howard,243,2,Lianyunguang
Phelps,Richard,Judith,470,2,Xiamen
Whetsel,Van,Elisa,401,3,Colombo
Wilson,Sean,Christopher,171,1,Colombo
Hubler,Nathan,Kristen,476,2,Lianyunguang
Johnson,Marsha,Michael,172,1,Rotterdam
Bishop,Willie,Lasandra,463,2,Yingkou
Frost,Randy,Angela,184,0,Laem-Chabang
Thompson,James,Santiago,334,3,Salalah
Jordan,Edward,Dallas,467,2,Busan
Langevin,Christopher,Robert,106,2,Tokyo
Double,Larry,Roderick,297,2,Lianyunguang
Fast,Ralph,Susan,153,3,Tanjung-Priok
Anderson,Harry,Kimberly,406,1,Algeciras
Greathouse,Bridgette,Ray,264,2,Cai
Wallace,Sean,Cathy,302,1,Salalah
Brooks,Maggie,Cathleen,416,0,Jebel
Nelson,Ruth,Christopher,336,3,Singapore
Collins,Justin,Patricia,373,2,Vancouver
Lew,Timothy,Homer,351,2,Colon
Kunert,Molly,Patricia,322,1,Manila
Mccoy,Donald,Odessa,473,0,Xiamen
Foley,Kim,Milton,300,3,GuangzhouHarbor
Richard,Janice,Herbert,222,2,Rotterdam
Leblanc,Joycelyn,Arthur,405,2,Kaohsiung
Ortiz,Karen,Angela,345,3,Shenzhen
Schwarz,John,David,479,2,Cai
Lange,Wendy,Jonathan,291,1,Santos
May,Kyle,Tiffany,267,3,Dalian
Garza,Maryann,Nicole,340,2,Klang
Suggs,Jessica,William,158,0,Tanjung-Pelepas
Wilkes,Samuel,James,413,3,HongKong
Mader,Claretta,Wilma,441,0,Keihin
Taylor,Zachary,Mary,319,1,Vancouver
Townsend,Mary,William,411,1,Xiamen
Christenson,James,Jessie,154,3,Marsaxlokk
Boggs,Marie,Elisa,380,3,Xiamen
Bethel,Jason,Sandra,382,0,Tokyo
Lamoureux,Edward,Maria,500,1,Bremen
Kleinschmidt,Edith,Charles,167,0,Felixstowe
Sumrall,Tracy,Harriet,412,1,Colombo
Neff,Shawanda,Mary,499,0,Piraeus
Cota,Mark,Nicholas,286,2,Hanshin
Langone,Bonnie,Diana,214,1,Tanger-Med
Hauck,David,Kevin,471,3,Salalah
Ward,Deloris,Bobby,144,1,Ho-Chi-Minh
Wood,Richard,Barbara,455,0,Colombo
Workman,Megan,Kevin,112,2,Colon
Sanchez,Dixie,Curtis,303,3,Rizhao
Monroe,Dexter,William,495,2,Xiamen
Campbell,Colleen,Leroy,231,1,Ho-Chi-Minh
Lant,Robert,Ronald,243,3,Lianyunguang
Steppe,Gary,James,147,3,NingboZhoushan
Scott,Nicholas,Helen,471,2,Savannah
Cason,Cindy,Paul,265,0,Rotterdam
Webb,Amie,Agnes,256,1,Hanshin
Santillan,Marion,James,422,2,Kaohsiung
Chavez,David,Kyle,466,1,Tanjung-Pelepas
Suttles,Brenda,Jacqueline,254,0,Tanjung-Priok
Michaels,Jacqueline,Jessie,341,3,Jeddah
Martel,Edna,Marjorie,462,0,GuangzhouHarbor
Page,Barbara,Evelyn,281,1,Busan
Morelli,Dennis,Aubrey,352,0,Antwerp
Arnold,Richard,Lynda,386,2,Xiamen
Harris,Dennis,Pedro,457,1,Jawarharlal-Nehru
Davidson,Linda,Stacey,495,0,Tokyo
Taque,Charles,Carl,390,1,Shenzhen
Massey,Katherine,Jon,356,3,Savannah
Kerber,Cindy,Cheryl,432,1,Cai
Gulledge,Justin,Claire,393,0,Barcelona
Fields,Irene,Karen,293,0,Barcelona
Schempp,Michael,Joseph,253,3,Jeddah
Louie,Thomas,Velma,278,2,Klang
Gibson,Brittany,Andrew,333,2,Rotterdam
Justice,Amanda,Nathan,166,0,Algeciras
Cartwright,Ernestine,Harold,187,3,Shanghai
Brush,John,Amy,309,2,Dongguan
Raper,Fay,Samuel,366,1,Shenzhen
Stewart,James,James,380,1,HongKong
Sorum,Michael,Nellie,119,3,Colombo
Fielder,Mary,Jerry,145,0,Qingdao
Proulx,Luz,Manuel,311,2,Colon
Perez,Joseph,Judy,404,2,Long-Beach
Smith,Roy,Nelson,126,1,Kaohsiung
Mims,My,Silvana,370,3,Ho-Chi-Minh
Pena,Scot,Belinda,281,3,Tanjung-Pelepas
Ward,Denise,Amanda,408,1,Qingdao
Eskew,Tonia,Sarah,325,3,Tanjung-Priok
Younts,Terry,Marcus,436,1,Mundra
Dickman,Catherine,David,381,0,Cai
Schleck,Elizabeth,Cathy,280,1,Mundra
Simmons,Doreen,Jennie,491,3,Tokyo
Kee,Paul,Doris,459,0,Shenzhen
Blackburn,Albert,Sidney,382,2,Tanjung-Pelepas
Troise,Stephanie,Glenda,384,1,Tanger-Med
Tyler,Ignacio,Jenny,498,3,Dalian
Nelson,Roma,Roger,251,1,Busan
Williams,Scott,Antoinette,118,0,Hanshin
Hernandez,Melba,Karen,496,3,Tanger-Med
Haney,Harriet,Desiree,239,0,Kaohsiung
Austin,Mildred,Michael,191,1,Jawarharlal-Nehru
Caggiano,Brian,Michael,178,0,Los-Angeles
Miners,Kelly,Kathleen,156,1,Busan
Klein,John,Danny,267,1,Los-Angeles
Corr,Amy,Eliza,472,3,Jeddah
Mendieta,Lilliana,Royce,174,0,Kaohsiung
Burch,Octavio,Clinton,458,3,Keihin
Burt,Ronald,Barbara,269,2,Singapore
Sutton,Phyllis,Jarrod,216,2,Keihin
Lai,Linda,Dora,436,3,Xiamen
Nebel,Celia,Della,201,2,Tokyo
Bell,Charles,Ethel,360,0,Long-Beach
Jubilee,Sharlene,Dana,324,3,Busan
Weiner,Gregory,Michael,160,2,Manila
Seals,Christina,James,252,0,Felixstowe
Nixon,Dorothea,Mario,432,2,Marsaxlokk
Szekely,Alisa,Rebecca,128,2,Felixstowe
Cano,Debra,Dale,337,3,Keihin
Leather,Domonique,Kevin,249,1,Kaohsiung
Bock,Jessica,Nathan,153,0,Qingdao
Mcrary,Jean,Joanne,444,3,Jawarharlal-Nehru
Emily,Carmelo,Patricia,189,0,Lianyunguang
Francis,Stephen,Victor,279,2,Shenzhen
Depaz,Bonnie,Margaret,116,2,Klang
Pfeffer,Alexis,Nicholas,416,2,Laem-Chabang
Presley,Penelope,Robert,280,0,Qingdao
Decker,Glenda,Giselle,326,3,New-Jersey
Roy,Kenneth,Ryan,318,1,Piraeus
Behn,Robert,Amy,224,1,Tanjung-Priok
Vanriper,Fred,Michael,380,1,Antwerp
Howard,Lewis,Kim,174,3,Tianjin
Gil,Wm,Genevieve,172,0,Los-Angeles
Carlos,Sharon,Vena,364,3,Savannah
Landis,Patricia,Vicente,398,0,Long-Beach
Montey,Sabrina,Antonio,237,0,Santos
Davis,Wilma,Patrick,241,2,Busan
Johnson,Cornelia,Lenora,423,3,Busan
Artman,Cortney,Daniel,389,2,Colombo
Brown,Norma,Ron,401,1,Xiamen
Hurse,Betty,Freddie,474,3,Jeddah
Baker,Tommy,David,217,1,Algeciras
Nieves,Tara,Robert,229,0,Busan
Norris,Mary,Charles,100,2,Cai
Sahota,Lisa,Taryn,325,2,Shanghai
Lewis,William,James,451,1,Barcelona
Moody,Larry,Donald,252,2,Hanshin
Reed,Mckinley,Marcia,114,1,Antwerp
Rodriguez,Christopher,Hector,478,0,Antwerp
Herman,Kelly,Patricia,255,0,Ho-Chi-Minh
Pickett,Virginia,Janette,171,3,Xiamen
Billingslea,David,Michael,122,0,Klang
Sanchez,Kimberly,Shirley,397,2,Tokyo
Thornberg,Melissa,Marcia,160,3,Jebel
Kirschman,Tammy,Paul,184,0,Lianyunguang
Parker,Jacqueline,Kayla,282,0,Long-Beach
Morrison,Jose,Carol,125,2,Tokyo
Okeefe,Cynthia,Daniel,316,3,Bremen
Reed,Doris,Mary,390,3,New-Jersey
Nichols,Agnes,Ramona,448,3,Kaohsiung
Wisniewski,Victor,Sydney,313,3,Busan
Birchall,Laura,Michael,346,3,Tianjin
Guest,Rebecca,Marie,378,2,Fuzhou
Rhodd,Dennis,Joyce,451,0,Long-Beach
Eaton,Raymond,Rose,475,3,Lianyunguang
Hankins,John,Jennifer,151,0,Salalah
Norman,Cedric,Roger,411,0,Dongguan
Guo,Merle,Roy,440,1,Ho-Chi-Minh
Chaney,Ruth,Eleanor,486,0,Tanger-Med
Oldham,Edwardo,Andrea,243,1,Mundra
Trotter,William,Gertrude,353,3,New-Jersey
Orr,Robert,William,375,3,Xiamen
Hull,Jon,Dorothy,122,3,Barcelona
Holmes,Mary,Tamara,239,2,Savannah
Hernandez,Lashon,William,211,1,Cai
Drum,Cecilia,Carlos,466,1,Manila
Combs,Benito,Gerard,314,0,Xiamen
Swift,Justin,Sheldon,449,1,Bremen
Schmidt,Wendell,Judith,434,2,Tanger-Med
Armstrong,Christopher,Joann,179,1,Jebel
Powell,Antonia,Miriam,167,1,GuangzhouHarbor
Pace,Floyd,David,349,1,Salalah
Anderson,Anthony,Joyce,331,2,Tianjin
Rivas,Jill,Billie,491,2,Klang
Mahon,Abbey,Barbara,410,0,Dongguan
Nguyen,Amber,Deborah,164,3,Ho-Chi-Minh
Place,Heike,Kathy,476,0,Vancouver
Hilty,John,Peter,413,1,Singapore
Tran,Lisa,Patricia,210,3,Tanjung-Priok
Mitchell,Sharon,Leona,102,1,Laem-Chabang
Allen,Rachelle,Elsie,499,0,Lianyunguang
Vandiford,Veronica,Hattie,108,0,Piraeus
Stuemke,Scottie,Edward,304,0,Keihin
Luer,Richard,Angela,336,3,Kaohsiung
Henry,Becky,Nancy,358,3,Jawarharlal-Nehru
Evans,Samuel,Justin,212,0,Bremen
Elliott,Lucas,Carol,243,1,Hanshin
Fenelus,Calvin,Julia,293,2,Antwerp
Loya,Lorie,Evelyn,485,2,Rotterdam
Hardy,Issac,Doug,132,1,Dalian
Bivins,Margot,Christine,471,0,Rizhao
Baird,Marco,Elaine,245,2,Manila
Edmondson,Gary,Mary,238,0,Tanjung-Priok
Oun,William,James,142,0,Hanshin
Church,Jeffrey,Paulette,122,1,Tokyo
Griffin,Myrtle,Jaime,289,3,GuangzhouHarbor
Bishop,Paul,David,250,1,Tokyo
Cooper,John,Carol,180,0,Bremen
Jay,Raymond,Pauline,176,3,Jeddah
Brown,Wanda,Henry,446,0,Cai
Janssen,Jeffrey,Teresa,423,1,Tanjung-Pelepas
Medlock,Mathew,Melissa,420,0,Laem-Chabang
Mims,Norma,Anna,372,1,Busan
Jones,Brian,Joyce,339,3,Tanger-Med
Solorio,Chester,Yvette,465,2,Los-Angeles
Torres,Helen,Sylvia,500,3,Tianjin
Pope,Lisa,Susan,159,2,Tanger-Med
Hoskins,Jennifer,Linda,117,1,Rotterdam
Diliberto,Donald,Kathleen,291,2,HongKong
Harper,Brandon,Francisco,457,3,Jawarharlal-Nehru
Fairbanks,Carlos,Johnny,118,2,Kaohsiung
Lemley,Theresa,James,431,3,NingboZhoushan
Griggs,Gilbert,Bob,263,0,NingboZhoushan
Underwood,William,Riley,332,3,Tanjung-Priok
Phipps,Peter,Nicole,116,3,Tanger-Med
Patton,Jose,Amanda,164,2,Lianyunguang
Smith,Charles,Marion,320,1,Tokyo
Boyd,Phillip,Leo,463,2,Singapore
Chesser,Mark,Alfred,181,0,Kaohsiung
Singleton,Tracy,Roger,348,1,Algeciras
Buchanan,James,Mark,462,3,Mundra
Wooldridge,Karyn,John,465,3,Jawarharlal-Nehru
Pannell,Brian,Maria,334,0,Algeciras
Hibbs,Christina,Brittany,343,0,Tokyo
Koenig,Herman,Barbara,356,0,Colon
Sanders,Gary,James,460,1,NingboZhoushan
Grindstaff,Ola,Willie,402,0,Ho-Chi-Minh
Carswell,Grant,Jean,115,2,Hanshin
Kalish,David,Larry,267,0,Jebel
Spearman,Ryan,Philip,413,0,Rizhao
Bowers,Leon,Christine,349,1,Keihin
Schattner,Patricia,Reatha,345,0,Savannah
Shaw,Mary,Clarence,157,0,Antwerp
Sanchez,Fred,Julie,260,2,Barcelona
Wallace,Dorothy,Lorene,260,3,Tokyo
Valentine,Emily,William,495,1,Los-Angeles
James,Jeremy,Ashley,194,0,Rotterdam
Smith,Tracy,Eric,267,2,Tanjung-Pelepas
Sell,Andy,Mildred,178,2,Xiamen
Griner,Jose,Lisa,473,3,Tanjung-Priok
Zatorski,Cecil,Nancy,375,3,Jeddah
Lee,David,Sharon,154,2,Felixstowe
Wiedman,Lenore,Clifton,460,2,Keihin
Greene,Hollie,Bertha,363,1,Jebel
Anderson,Phillip,Kathleen,268,3,Long-Beach
Ott,William,Angel,469,1,Fuzhou
Queen,Christopher,Walter,319,2,Bremen
Podesta,Jayne,Gina,344,3,Ho-Chi-Minh
Ingram,Mary,Kelly,204,2,GuangzhouHarbor
Greene,Ann,Kris,492,1,Shanghai
Carson,Jessie,Bridget,319,0,Laem-Chabang
White,Deanna,Yvone,263,0,Tokyo
Green,Lauri,Patricia,142,3,Tokyo
Mccaslin,Hobert,Paul,391,1,Tokyo
Gardiner,Michael,Ray,305,3,Fuzhou
Stone,Oscar,Andrea,311,1,Cai
Harris,Carol,Margaret,412,1,Tanjung-Priok
Simmons,Dean,Katherine,429,2,Manila
Rabil,Melissa,Ed,150,3,Tianjin
Bradford,Sue,Lorraine,333,3,Felixstowe
Evans,Pauline,Hector,183,2,Tokyo
Barnard,Jeffrey,Russ,446,0,Yingkou
Wilson,Ricky,Jeffrey,149,2,Jawarharlal-Nehru
Harbison,Derek,Thelma,334,1,Shanghai
Bryant,Toni,Jay,231,3,NingboZhoushan
Chase,Cynthia,Cheryl,107,1,GuangzhouHarbor
Weeks,Lois,Carolyn,357,0,Savannah
Ryan,Alicia,James,272,3,NingboZhoushan
Dickey,Terrell,Christina,496,0,Tanjung-Priok
Hume,Barbara,Linda,468,1,Singapore
Smith,Joyce,Susan,447,0,Santos
Neal,Robert,Julia,326,0,GuangzhouHarbor
Benitez,Ralph,David,399,1,Long-Beach
Vanderloo,Derek,Diane,117,2,Shenzhen
Mederios,Mary,Carmen,218,0,Tokyo
Womble,Kathryn,Michelle,393,3,Ho-Chi-Minh
Carrizales,Andrew,Claudia,297,1,Algeciras
Neely,Clara,Kirk,113,2,Tianjin
Aplin,Jack,David,199,0,Santos
Johnson,Scott,Roy,452,1,Yingkou
Addy,Norma,Mark,391,2,Marsaxlokk
Valles,Maria,Linda,133,3,Ho-Chi-Minh
Moseley,Henry,Kathleen,444,2,Dalian
Rohrs,Andrew,Marshall,142,2,Tianjin
Parker,Valeria,Cheryl,428,0,Qingdao
Curtis,Sharon,Claudia,236,1,Piraeus
Thomas,Marcus,Blanche,424,1,Rotterdam
Daffin,Emily,Stephanie,220,0,Singapore
Sawyer,Yu,Douglas,471,1,Bremen
Cunningham,Naomi,Kimberly,187,1,Piraeus
Hunter,Karen,Regina,276,0,Singapore
Avila,Faye,William,245,2,Jebel
Scarce,Sarah,Leslie,356,2,Antwerp
Eisenberg,James,Audrey,424,1,Jebel
Rogal,Jennifer,Gilbert,120,3,Shanghai
Manrique,Annie,Robert,476,0,Jebel
Woolard,Luisa,Catherine,375,0,Algeciras
Lambert,Tracey,Gerard,408,0,Long-Beach
Landry,William,Mildred,205,1,Barcelona
Crawford,Nicki,Mary,149,3,Piraeus
Burden,Janet,Patrick,240,3,Savannah
Nebarez,Sara,Patrice,326,2,Busan
Mullins,Linda,Stephen,124,0,Busan
Wade,James,Denise,204,0,Mundra
Gray,Ruby,Lori,160,3,Tanger-Med
Carr,Joseph,Joshua,403,0,Mundra
Boyd,Daniel,Brenna,296,3,Laem-Chabang
Jones,Harriet,Bertha,458,3,Shanghai
Taylor,Samantha,Andrew,158,0,Tanjung-Pelepas
Stinnett,Gail,Joshua,177,2,NingboZhoushan
Smith,Mark,Willard,463,2,Tanjung-Priok
Queen,Norma,Charles,192,0,Cai
Szymanski,Robert,Sergio,101,0,Dalian
Loper,Beulah,Judy,268,2,Mundra
Moss,Charles,Christopher,453,2,Dongguan
Young,Stephen,Amos,224,0,Shanghai
Heideman,Craig,Carolyn,117,2,Long-Beach
Guerra,Lisa,Audrey,402,0,Dongguan
Marcos,Dale,Katherine,467,0,Laem-Chabang
Gier,Rita,Donald,448,3,Colombo
Turnbull,Sheena,Mary,130,1,Yingkou
Williams,Elizabeth,Robert,173,2,NingboZhoushan
Mcclurg,Joann,Kimberly,134,2,Tanjung-Pelepas
Morgan,Jessica,Sandy,490,0,Tanger-Med
Hledik,Miles,Sylvia,318,0,Colon
Wraight,James,Amy,203,0,Salalah
Gerard,Antonio,Betty,451,1,Jawarharlal-Nehru
Rose,Jennifer,William,475,0,Tanjung-Pelepas
Figg,Mark,Victoria,162,3,Vancouver
Mix,Victoria,Nellie,276,1,Vancouver
Mooney,Timothy,Michelle,477,2,Hanshin
Lowery,Kristi,Richard,247,0,Dongguan
Sweeney,Franklin,Alice,293,2,Los-Angeles
Anderson,Tara,Mary,229,1,Santos
Nyman,Norma,Lloyd,199,3,Felixstowe
Berglund,Frank,Hector,312,2,Tanjung-Pelepas
Meier,Sylvia,Mary,120,3,Santos
Pence,Dawn,Charles,382,0,Mundra
Kimpton,Gloria,Michael,166,1,Long-Beach
Tucker,Manuel,Michael,197,1,Savannah
Wilson,David,Grady,108,0,Shenzhen
Fontenot,Dominique,Luther,194,1,Savannah
Rowland,Margaret,Karl,495,0,Dongguan
Lipton,Katherine,Benjamin,242,1,Mundra
Hernandez,Marcos,Elizabeth,291,1,Rotterdam
Rodriguez,David,Dwight,353,0,New-Jersey
Lane,Katherine,Alice,449,3,Manila
Gentry,Kyle,Rita,212,3,Jebel
Yale,Roseanne,Carol,274,3,NingboZhoushan
Doughty,Kathryn,Kathy,363,0,Keihin
Bennett,Michael,Elizabeth,307,1,Santos
Crosby,Victor,Phyllis,448,2,New-Jersey
Smith,Jane,Jerry,147,0,Barcelona
Simmons,Bruce,Michael,478,0,Antwerp
Davis,Tina,Jill,253,1,Fuzhou
Johnson,Donald,Adela,105,0,Mundra
Wilbanks,Antonio,Dorothy,123,1,HongKong
Alley,Donald,Hattie,180,1,Shenzhen
Lawson,Jeffery,Tyler,156,0,Tanger-Med
Garcia,Shaun,Rachael,155,1,Colombo
Flemings,Joseph,Sandra,399,3,Barcelona
Walker,David,Lacey,447,1,Hanshin
Miller,Margie,Reda,267,3,Los-Angeles
Weber,Judy,Mitchell,477,1,Klang
Roberson,Angelita,Mildred,144,2,Tanjung-Priok
Matthews,Arthur,Ignacio,378,0,HongKong
Benny,Susan,Deanna,220,2,Keihin
Poston,Marie,Billie,261,2,Fuzhou
Berg,Emily,Abbie,174,1,Keihin
Hope,Lora,Joshua,167,2,Cai
Corwin,Stacy,Martha,150,2,Colombo
Kanemoto,Dana,Annette,284,3,Klang
Frain,Tina,Veronica,410,0,Keihin
Shirley,William,Jessie,482,1,Long-Beach
Blair,Martin,William,275,2,Jeddah
Whitlock,Reva,Stephen,293,1,Jawarharlal-Nehru
Gass,Sarah,Nancy,418,0,Klang
Smith,Adam,Doris,266,1,Busan
Homan,Natalia,Sandra,200,1,Algeciras
Umbaugh,Alvin,George,207,1,Mundra
Nagao,Christopher,Kimberly,126,3,Los-Angeles
Scott,Stuart,Sylvia,309,3,Jebel
Friedland,Gordon,Bonnie,238,1,Dalian
Bollinger,Dorothy,Kelli,491,2,NingboZhoushan
Chidester,Jacqueline,Charles,227,2,Colon
Westover,Kenneth,Daniel,437,3,Yingkou
Mcmillan,Sarah,Robert,146,1,Tianjin
Mock,Timothy,Jane,134,2,Los-Angeles
Owen,Martin,Doris,133,1,HongKong
Mcdonald,Alicia,Edward,238,0,Salalah
Culnane,Jeffrey,Marshall,160,2,Rizhao
Rose,Kevin,Drucilla,438,3,GuangzhouHarbor
Herman,Dustin,John,233,0,NingboZhoushan
Schleppenbach,Victoria,David,101,0,Colombo
Marrero,Kevin,Tonya,263,2,Rotterdam
Cassidy,Patty,Rosa,223,3,Algeciras
Owens,Aida,John,346,1,Tanger-Med
Barker,Shirley,Michael,354,2,Mundra
Adolphson,Michael,Nicholas,491,0,Klang
Fish,Janice,Charles,451,2,Tanjung-Priok
Baird,Eva,Everett,401,0,Long-Beach
Romero,Rita,Irma,369,3,Ho-Chi-Minh
Womack,Andrew,David,424,1,Klang
Diller,Louise,Christine,351,2,Dalian
Woolley,Vicky,Thomas,282,2,Rotterdam
Macvane,Paul,Philip,227,1,Lianyunguang
Kazunas,Chris,Elizabeth,300,2,Klang
Ettinger,William,Joseph,222,3,Rotterdam
Cruz,Barbara,Donald,260,2,Qingdao
Cupp,Terry,Daryl,421,3,Qingdao
Johnston,Janice,Keith,136,2,Shenzhen
Garcia,Patricia,Paul,156,2,Ho-Chi-Minh
Cook,Bernice,Felicia,429,0,New-Jersey
Jelks,Sharon,Anita,268,0,GuangzhouHarbor
Polley,Alana,David,401,3,Bremen
Battle,Jose,Josephine,179,3,Tanger-Med
Weir,Oren,Tiffany,258,1,GuangzhouHarbor
Weston,Zita,Lydia,197,3,Rizhao
Edwards,Luis,Michael,292,3,Barcelona
Robertson,Francis,Paul,379,1,NingboZhoushan
Crowell,Boyce,Carmen,368,1,Savannah
Ross,Jose,Paula,146,0,Salalah
Horton,Adela,William,257,2,Xiamen
Crabb,Charles,Madeline,432,3,HongKong
Rybka,Cary,Laura,146,0,Shanghai
Maas,Dino,Raymond,179,3,Hanshin
Webber,Heather,Bessie,333,3,Manila
Dalrymple,Stacey,Maritza,299,3,Bremen
Powell,Rosa,Anthony,206,0,Cai
Tilly,Alexander,Debora,217,0,Rotterdam
Curry,Andrew,Emily,287,2,Dalian
Cambell,Maryann,John,184,3,Piraeus
Cavaliero,Antonia,Jennifer,289,3,Savannah
Portillo,Gerald,Patricia,162,3,Tanjung-Priok
Thomas,Lisa,James,480,2,Lianyunguang
Clarno,Raymond,Kenny,242,2,Hamburg
Kelly,Norman,Judith,139,2,Cai
Anderson,Rodney,Robert,353,2,Bremen
Shea,Stephanie,Norma,145,1,Klang
Bender,Louise,Betty,485,3,Cai
Cadwell,Patricia,Sharon,331,2,Colon
Mccoun,Barry,Mae,226,1,Busan
Ballard,Patricia,Sheila,450,1,Rotterdam
Sawin,Jessica,Cheri,400,2,Los-Angeles
Norton,Ruby,Gilbert,152,2,Tanger-Med
Wilson,Robert,William,145,0,GuangzhouHarbor
Robertson,Katherine,Stephanie,332,1,Jeddah
Walker,Benjamin,Sara,181,0,Colombo
Taylor,Carolyn,Robin,265,0,Los-Angeles
Wien,Lillie,Robert,378,2,Hamburg
Oliphant,Dale,Judy,213,2,Shanghai
Whalen,Alice,Marilyn,170,0,Antwerp
Farris,Andrea,Charles,389,0,NingboZhoushan
Sanchez,Les,Hilda,242,1,Ho-Chi-Minh
Duarte,Kandis,Earl,461,2,Tanjung-Pelepas
Henshaw,John,Jon,159,0,Mundra
Escoto,Roger,Jacqueline,280,1,Savannah
Jennings,Francisco,Linda,349,3,Tanjung-Pelepas
Green,Ricky,Francis,479,2,Xiamen
Bodo,Alberta,Iris,385,1,Bremen
Pelkey,Gloria,Marie,330,3,Busan
Berryhill,Oscar,Barbara,404,0,Vancouver
Ashton,Jeremy,Charles,317,3,Tianjin
Tindall,George,David,174,2,Long-Beach
Crass,John,Willie,348,0,Tanger-Med
Brotzman,Richard,Linda,466,0,Tanjung-Pelepas
Wilson,Mary,Arturo,325,1,Jebel
Parsons,Hugh,David,174,1,Tanger-Med
Langer,Martin,Samantha,179,2,NingboZhoushan
Smith,Walter,Lonnie,453,3,Barcelona
Paul,Jacquline,Carolyn,473,3,Hamburg
Leanos,Tina,Gary,118,2,Dongguan
Henry,Mary,Willie,167,1,Ho-Chi-Minh
Hernandez,Sara,Estella,151,2,Fuzhou
Pinera,Mary,Naomi,318,3,Cai
Gavin,Christopher,Philomena,167,2,Hanshin
Roberts,Patricia,Kelly,273,1,Klang
Ursprung,Eric,Jessie,151,0,Jeddah
Christensen,Mildred,Carolyn,351,2,Laem-Chabang
Maisenbacher,Michael,Nicole,179,0,Klang
White,Ann,Cynthia,342,0,Tanjung-Priok
Heckert,Anthony,Susan,207,2,Colon
Cross,Keith,Robert,459,2,HongKong
Rollinger,Ricky,Raymond,130,2,Lianyunguang
Rivera,Kelsey,Lewis,162,2,Rizhao
Tate,Robert,William,123,1,GuangzhouHarbor
Weiss,Janice,Kenneth,213,1,Los-Angeles
Harling,Travis,Daniel,287,1,Antwerp
Franzen,Gloria,Jesse,117,0,Cai
Gallagher,Guadalupe,Eva,162,2,Lianyunguang
Foster,Chris,Elke,107,3,NingboZhoushan
Hayes,Martin,Felipe,252,2,Jebel
Austin,Katy,Claire,240,1,Jebel
Davis,Richard,Rosaline,157,3,Jawarharlal-Nehru
Akin,Brandi,Ray,120,3,Los-Angeles
Harper,Kelly,Edwin,457,3,Shanghai
Burton,Andre,Donald,293,1,Long-Beach
Bolden,Marc,Mara,362,0,Jawarharlal-Nehru
Fitzwater,Randall,Catina,276,1,Colon
Crawford,Gerald,Frances,133,0,Marsaxlokk
Bednar,April,Mary,403,3,Hanshin
Christian,William,John,339,1,Tanjung-Priok
Dunham,Ronald,Albertine,272,0,NingboZhoushan
Romriell,Sara,Brittany,409,0,Shanghai
Gearhart,Edward,Heather,385,0,Vancouver
Meyers,Michael,Mark,109,0,Bremen
Wilson,Richard,Joyce,168,0,Mundra
Barrick,Barbara,Jan,225,2,Long-Beach
Luke,Terry,Julie,395,1,Santos
Mankey,Barbara,Jocelyn,490,3,Salalah
Davis,Justin,Grace,112,3,Colon
Mynatt,Lisa,Daniel,446,3,Qingdao
Moore,Charles,Lisa,477,2,Tanjung-Pelepas
Myers,Beverly,Carita,368,0,Antwerp
Tackett,Catherine,William,279,1,Jeddah
Rice,Hilda,Kevin,201,1,Dalian
Lopez,Betty,Claude,301,1,Jawarharlal-Nehru
Lusk,Terry,Charles,276,0,Colombo
Hileman,John,Valerie,180,3,Laem-Chabang
Thibeaux,Jeanette,Sandra,408,2,Algeciras
Reyes,Selma,Abe,463,3,Rizhao
Page,Mark,Lucille,210,1,Antwerp
Griffey,Frank,Jimmy,302,0,Salalah
Russell,Jerry,Felicia,183,2,Laem-Chabang
Allendorf,Jason,Sarah,423,3,Qingdao
Bell,Michael,Sonia,362,3,Singapore
Hackworth,Rhonda,Mary,410,0,Xiamen
Chalifoux,Wilber,Robert,479,2,Dalian
Greenberg,Waneta,Rose,184,0,Barcelona
Mcduffie,Joseph,Gary,366,2,Shanghai
Engler,James,Alda,127,2,Singapore
Townsend,William,Charles,275,1,Marsaxlokk
Hill,Paul,William,130,2,Busan
Davis,Nancy,Linda,327,3,Shanghai
Eddins,Chelsey,Richard,123,3,Jebel
Johnson,Thomas,Gwendolyn,296,2,Hamburg
Hughey,Juan,John,204,3,Klang
Koski,Richard,Philomena,457,2,Lianyunguang
Harvey,Herman,Marian,254,3,Ho-Chi-Minh
Williams,Daniel,Essie,156,0,Ho-Chi-Minh
Kelker,Angie,Karen,379,0,Colombo
Gaylord,James,Gladys,408,3,Salalah
Villegas,Harry,Barbara,321,0,Shanghai
Silva,Kevin,Ruby,316,1,Piraeus
Sweet,Michael,Robert,169,2,Ho-Chi-Minh
