Norris,Mary,Charles,100,2,Cai
Block,Anne,Andre,100,3,Laem-Chabang
Schleppenbach,Victoria,David,101,0,Colombo
Szymanski,Robert,Sergio,101,0,Dalian
Mitchell,Sharon,Leona,102,1,Laem-Chabang
Pierce,Meagan,Jack,103,0,Hamburg
Calbert,Melissa,Dennis,103,2,Los-Angeles
Ward,Thomas,Barbara,103,3,Piraeus
Stockton,Christina,Joshua,104,1,Lianyunguang
Underdown,Michael,Catherine,104,3,Rotterdam
Collier,Katherine,Sandra,105,3,Jebel
Resendez,Amy,William,105,2,Long-Beach
Caldwell,Richard,Gregory,105,2,Marsaxlokk
Johnson,Donald,Adela,105,0,Mundra
Langevin,Christopher,Robert,106,2,Tokyo
Chase,Cynthia,Cheryl,107,1,GuangzhouHarbor
Moore,Conrad,Thomas,107,0,Jawarharlal-Nehru
Foster,Chris,Elke,107,3,NingboZhoushan
Gonzalez,Douglas,Ethel,108,3,Fuzhou
Vandiford,Veronica,Hattie,108,0,Piraeus
Runnels,William,Terrilyn,108,1,Shanghai
Wilson,David,Grady,108,0,Shenzhen
Meyers,Michael,Mark,109,0,Bremen
Cobbins,Deborah,John,111,1,Qingdao
Davis,Justin,Grace,112,3,Colon
Workman,Megan,Kevin,112,2,Colon
Daliva,Teresa,Frances,112,3,Lianyunguang
Bentley,William,Michael,113,3,Algeciras
Cox,Alexander,Marie,113,3,Cai
Neely,Clara,Kirk,113,2,Tianjin
Reed,Mckinley,Marcia,114,1,Antwerp
Patterson,Jim,Santiago,114,0,Tanjung-Priok
Timberlake,Maria,Brandy,114,3,Xiamen
Longoria,Ryan,Mark,115,1,Algeciras
Gonzalez,Lois,William,115,3,Cai
Carswell,Grant,Jean,115,2,Hanshin
Norris,Robert,Peter,115,3,Jawarharlal-Nehru
Vaughn,Erin,Kathy,115,2,Lianyunguang
Batters,Harry,Justin,115,0,Marsaxlokk
Crawford,Maurice,Joshua,115,3,Mundra
Johnson,Billy,Ruby,115,0,Tanjung-Pelepas
Brewer,Catherine,Samuel,116,0,Colombo
Blecha,Peter,Edward,116,3,Kaohsiung
Depaz,Bonnie,Margaret,116,2,Klang
Phipps,Peter,Nicole,116,3,Tanger-Med
Franzen,Gloria,Jesse,117,0,Cai
Collins,Karl,Jeffrey,117,3,Dalian
Beatty,James,Viola,117,3,Jawarharlal-Nehru
Heideman,Craig,Carolyn,117,2,Long-Beach
Hoskins,Jennifer,Linda,117,1,Rotterdam
Vanderloo,Derek,Diane,117,2,Shenzhen
Leanos,Tina,Gary,118,2,Dongguan
Williams,Scott,Antoinette,118,0,Hanshin
Fairbanks,Carlos,Johnny,118,2,Kaohsiung
Odell,John,Christopher,118,3,Yingkou
Blackwood,Kelli,Fannie,119,0,Colombo
Sorum,Michael,Nellie,119,3,Colombo
Akin,Brandi,Ray,120,3,Los-Angeles
Meier,Sylvia,Mary,120,3,Santos
Miller,Daniel,George,120,1,Shanghai
Rogal,Jennifer,Gilbert,120,3,Shanghai
Caceres,Johnnie,James,121,0,Colon
Hull,Jon,Dorothy,122,3,Barcelona
Nixon,Jose,Randy,122,2,Fuzhou
Billingslea,David,Michael,122,0,Klang
Summers,Amy,Melvin,122,1,NingboZhoushan
Church,Jeffrey,Paulette,122,1,Tokyo
Tate,Robert,William,123,1,GuangzhouHarbor
Wilbanks,Antonio,Dorothy,123,1,HongKong
Eddins,Chelsey,Richard,123,3,Jebel
Frederick,Paul,Vincent,123,2,Tianjin
Mullins,Linda,Stephen,124,0,Busan
Dotson,Richard,Mildred,124,2,NingboZhoushan
Muir,Clifton,Velma,124,0,Vancouver
Jeanette,Leonard,Milton,125,2,Algeciras
Morrison,Jose,Carol,125,2,Tokyo
Smith,Roy,Nelson,126,1,Kaohsiung
Nagao,Christopher,Kimberly,126,3,Los-Angeles
Carter,Mark,Deana,126,3,Salalah
Engler,James,Alda,127,2,Singapore
Moland,Devin,Sandra,127,2,Xiamen
Szekely,Alisa,Rebecca,128,2,Felixstowe
Tate,Carl,Erin,128,1,Lianyunguang
Stevens,Shirley,Charles,129,2,Tanger-Med
Hill,Paul,William,130,2,Busan
Mangrum,Jennie,Joseph,130,3,Fuzhou
Escobar,Katie,Jeff,130,2,Jebel
Rollinger,Ricky,Raymond,130,2,Lianyunguang
Washington,Scott,Rene,130,1,Tanjung-Priok
Turnbull,Sheena,Mary,130,1,Yingkou
Hardy,Issac,Doug,132,1,Dalian
Ehmann,Mary,Linda,132,2,Vancouver
Valles,Maria,Linda,133,3,Ho-Chi-Minh
Owen,Martin,Doris,133,1,HongKong
Jones,William,Esmeralda,133,0,Long-Beach
Crawford,Gerald,Frances,133,0,Marsaxlokk
Mock,Timothy,Jane,134,2,Los-Angeles
Mcclurg,Joann,Kimberly,134,2,Tanjung-Pelepas
Magee,Melissa,Benjamin,135,3,Lianyunguang
Johnston,Janice,Keith,136,2,Shenzhen
Hall,Robert,Christopher,137,1,Lianyunguang
Wealer,Clarence,Gina,137,2,Manila
Santiago,Lori,Arthur,138,0,Kaohsiung
Colangelo,Deborah,John,138,0,Shanghai
Kelly,Norman,Judith,139,2,Cai
Carl,Elaine,Theresa,139,3,Dalian
Thompson,Lucille,Darnell,139,0,Keihin
Davila,Thomas,Edmundo,140,3,GuangzhouHarbor
Castillo,Rita,Miguel,140,0,Jawarharlal-Nehru
Belvin,James,William,140,0,Laem-Chabang
Friend,Eldora,Robert,141,3,Keihin
Burke,Mary,Glenn,141,2,Klang
Trynowski,Kayla,Jeanette,142,3,Bremen
Oun,William,James,142,0,Hanshin
Rohrs,Andrew,Marshall,142,2,Tianjin
Green,Lauri,Patricia,142,3,Tokyo
Allen,Darlene,James,143,0,Rizhao
Mora,Sara,Janie,144,1,Algeciras
Ward,Deloris,Bobby,144,1,Ho-Chi-Minh
Roberson,Angelita,Mildred,144,2,Tanjung-Priok
Cook,Ronald,Jenny,145,2,Antwerp
Wilson,Robert,William,145,0,GuangzhouHarbor
Torres,Karin,Billy,145,3,Keihin
Shea,Stephanie,Norma,145,1,Klang
King,Teresita,Justin,145,3,New-Jersey
Fielder,Mary,Jerry,145,0,Qingdao
Simoneau,Bernard,Shannon,145,2,Tianjin
Ross,Jose,Paula,146,0,Salalah
Rybka,Cary,Laura,146,0,Shanghai
Mcmillan,Sarah,Robert,146,1,Tianjin
Smith,Jane,Jerry,147,0,Barcelona
Steppe,Gary,James,147,3,NingboZhoushan
Beaver,John,Carol,147,2,Santos
Fraley,Jake,Jeanette,147,0,Tanger-Med
Boynton,James,Jonathan,148,3,Colombo
Fabre,Kathleen,Charlotte,148,0,Los-Angeles
Wilson,Ricky,Jeffrey,149,2,Jawarharlal-Nehru
Bird,Dolores,Robert,149,3,Manila
Mclean,Thelma,Rudy,149,2,New-Jersey
Crawford,Nicki,Mary,149,3,Piraeus
Corwin,Stacy,Martha,150,2,Colombo
Rabil,Melissa,Ed,150,3,Tianjin
Hernandez,Sara,Estella,151,2,Fuzhou
Ursprung,Eric,Jessie,151,0,Jeddah
Hankins,John,Jennifer,151,0,Salalah
Reyes,Marco,Claude,151,0,Tanger-Med
Norton,Ruby,Gilbert,152,2,Tanger-Med
Bock,Jessica,Nathan,153,0,Qingdao
Barbera,Dan,Charles,153,3,Rotterdam
Fast,Ralph,Susan,153,3,Tanjung-Priok
Lee,David,Sharon,154,2,Felixstowe
Christenson,James,Jessie,154,3,Marsaxlokk
Garcia,Shaun,Rachael,155,1,Colombo
Earl,Audrey,Simone,155,3,Klang
Miners,Kelly,Kathleen,156,1,Busan
Hurst,Richard,Dan,156,2,Colombo
Garcia,Patricia,Paul,156,2,Ho-Chi-Minh
Williams,Daniel,Essie,156,0,Ho-Chi-Minh
Lawson,Jeffery,Tyler,156,0,Tanger-Med
Armstrong,Ressie,Gregory,156,3,Tanjung-Pelepas
Shaw,Mary,Clarence,157,0,Antwerp
Davis,Richard,Rosaline,157,3,Jawarharlal-Nehru
Toscano,Greta,Patsy,158,1,NingboZhoushan
Suggs,Jessica,William,158,0,Tanjung-Pelepas
Taylor,Samantha,Andrew,158,0,Tanjung-Pelepas
Henshaw,John,Jon,159,0,Mundra
Pope,Lisa,Susan,159,2,Tanger-Med
Patterson,Lilia,Marshall,160,2,Algeciras
Thornberg,Melissa,Marcia,160,3,Jebel
Weiner,Gregory,Michael,160,2,Manila
Culnane,Jeffrey,Marshall,160,2,Rizhao
Gray,Ruby,Lori,160,3,Tanger-Med
Norman,John,Ismael,161,2,Jeddah
Taggert,Steven,Janet,162,3,Busan
Brubaker,Sandra,Helen,162,1,Klang
Gallagher,Guadalupe,Eva,162,2,Lianyunguang
Rivera,Kelsey,Lewis,162,2,Rizhao
Portillo,Gerald,Patricia,162,3,Tanjung-Priok
Figg,Mark,Victoria,162,3,Vancouver
Barton,Valeria,Cristal,163,0,Keihin
Rodgers,Dania,Jean,164,0,Antwerp
Nguyen,Amber,Deborah,164,3,Ho-Chi-Minh
Patton,Jose,Amanda,164,2,Lianyunguang
Justice,Amanda,Nathan,166,0,Algeciras
Kimpton,Gloria,Michael,166,1,Long-Beach
Hope,Lora,Joshua,167,2,Cai
Kleinschmidt,Edith,Charles,167,0,Felixstowe
Mooney,Alissa,Bertha,167,0,Felixstowe
Powell,Antonia,Miriam,167,1,GuangzhouHarbor
Gavin,Christopher,Philomena,167,2,Hanshin
Henry,Mary,Willie,167,1,Ho-Chi-Minh
Bridenbaker,Roxana,Howard,167,3,Long-Beach
Dyer,Daniel,Charles,167,1,Tokyo
Cameron,Lois,Samantha,168,2,Bremen
Wilson,Richard,Joyce,168,0,Mundra
Manigault,Robert,Stephanie,169,3,Barcelona
Sweet,Michael,Robert,169,2,Ho-Chi-Minh
Chi,Michael,Faye,169,1,New-Jersey
Stocks,Cynthia,Francisco,169,1,Piraeus
Gordon,David,Katie,169,1,Tanjung-Priok
Whalen,Alice,Marilyn,170,0,Antwerp
Devereux,Maurine,Ruth,170,2,Tianjin
Wilson,Sean,Christopher,171,1,Colombo
Amrhein,Michael,Colton,171,2,NingboZhoushan
Andrews,Margaret,Derek,171,0,Santos
Lundin,Adriana,Leslie,171,1,Tanjung-Priok
Chase,Herbert,Michelle,171,0,Tokyo
Pickett,Virginia,Janette,171,3,Xiamen
Gil,Wm,Genevieve,172,0,Los-Angeles
Heath,Julia,Walter,172,1,Los-Angeles
Johnson,Marsha,Michael,172,1,Rotterdam
Malave,Stephen,Soledad,172,2,Savannah
Williams,Elizabeth,Robert,173,2,NingboZhoushan
Mendieta,Lilliana,Royce,174,0,Kaohsiung
Berg,Emily,Abbie,174,1,Keihin
Tindall,George,David,174,2,Long-Beach
Churchill,Steven,Gene,174,2,Singapore
Parsons,Hugh,David,174,1,Tanger-Med
Howard,Lewis,Kim,174,3,Tianjin
Freedman,Darlene,Neil,175,1,Klang
Anderson,Kathy,Brandon,176,0,Hamburg
Jay,Raymond,Pauline,176,3,Jeddah
Thompson,Lisa,Gary,176,0,Tokyo
Stinnett,Gail,Joshua,177,2,NingboZhoushan
Caggiano,Brian,Michael,178,0,Los-Angeles
Duke,Keith,Robert,178,3,Rizhao
Franklin,William,Marion,178,0,Shenzhen
Sell,Andy,Mildred,178,2,Xiamen
Maas,Dino,Raymond,179,3,Hanshin
Armstrong,Christopher,Joann,179,1,Jebel
Maisenbacher,Michael,Nicole,179,0,Klang
Langer,Martin,Samantha,179,2,NingboZhoushan
Battle,Jose,Josephine,179,3,Tanger-Med
Cooper,John,Carol,180,0,Bremen
Hileman,John,Valerie,180,3,Laem-Chabang
Kettler,Roy,Mark,180,2,Piraeus
Alley,Donald,Hattie,180,1,Shenzhen
Horton,Jodie,William,181,0,Algeciras
Walker,Benjamin,Sara,181,0,Colombo
York,Travis,Megan,181,0,Jawarharlal-Nehru
Chesser,Mark,Alfred,181,0,Kaohsiung
Glass,Odette,Victoria,181,1,Santos
Jackson,Vesta,Marybelle,182,0,Marsaxlokk
Acosta,Dorothy,Chris,183,3,Antwerp
Russell,Jerry,Felicia,183,2,Laem-Chabang
Evans,Pauline,Hector,183,2,Tokyo
Greenberg,Waneta,Rose,184,0,Barcelona
Marks,Charles,Melba,184,3,Klang
Frost,Randy,Angela,184,0,Laem-Chabang
Kirschman,Tammy,Paul,184,0,Lianyunguang
Cambell,Maryann,John,184,3,Piraeus
Mendez,Jarrett,Elizabeth,186,3,Colombo
Coney,Jan,Gina,186,3,Tanjung-Pelepas
Bonilla,Ruth,Elizabeth,187,0,NingboZhoushan
Cunningham,Naomi,Kimberly,187,1,Piraeus
Cartwright,Ernestine,Harold,187,3,Shanghai
Vanaria,James,John,187,1,Singapore
Knuth,Randall,Ruth,188,1,Los-Angeles
Mccall,Shirley,David,189,0,Algeciras
Emily,Carmelo,Patricia,189,0,Lianyunguang
Addison,Sallie,Henry,189,0,Shanghai
Austin,Mildred,Michael,191,1,Jawarharlal-Nehru
Queen,Norma,Charles,192,0,Cai
James,Jeremy,Ashley,194,0,Rotterdam
Fontenot,Dominique,Luther,194,1,Savannah
Tedrick,Robert,Jonathan,195,1,Rotterdam
Hickel,David,Edward,195,1,Tokyo
Daniels,Edwin,Allan,196,3,Jawarharlal-Nehru
Gambrell,Diane,John,197,1,Colon
Flores,James,Connie,197,0,Rizhao
Weston,Zita,Lydia,197,3,Rizhao
Tucker,Manuel,Michael,197,1,Savannah
Mccurdy,Mary,Minnie,198,1,Los-Angeles
Nyman,Norma,Lloyd,199,3,Felixstowe
Tyson,Keith,Edna,199,0,Jeddah
Ball,Santos,Thomas,199,1,New-Jersey
Aplin,Jack,David,199,0,Santos
Snider,Guadalupe,Amy,199,1,Yingkou
Homan,Natalia,Sandra,200,1,Algeciras
Johnson,Doris,Richard,200,1,Algeciras
Rice,Hilda,Kevin,201,1,Dalian
Neely,Ronald,Viola,201,3,Kaohsiung
Nebel,Celia,Della,201,2,Tokyo
Bump,Clyde,Robert,202,0,Barcelona
Wraight,James,Amy,203,0,Salalah
Ingram,Mary,Kelly,204,2,GuangzhouHarbor
Hughey,Juan,John,204,3,Klang
Wade,James,Denise,204,0,Mundra
Chapple,Michael,Michael,204,0,Singapore
Landry,William,Mildred,205,1,Barcelona
Levine,Estelle,Virgil,206,3,Algeciras
Munoz,Anthony,Margaret,206,3,Busan
Powell,Rosa,Anthony,206,0,Cai
Heckert,Anthony,Susan,207,2,Colon
Varela,Miguel,Michael,207,0,Felixstowe
Umbaugh,Alvin,George,207,1,Mundra
Nesbit,Charlie,Harry,209,0,Piraeus
Page,Mark,Lucille,210,1,Antwerp
Tran,Lisa,Patricia,210,3,Tanjung-Priok
Hernandez,Lashon,William,211,1,Cai
Foxman,Virginia,Joan,211,0,Laem-Chabang
Mahaffey,Danielle,Linda,211,2,Marsaxlokk
Lowry,Lynda,Jonathan,211,0,Yingkou
Evans,Samuel,Justin,212,0,Bremen
Breland,Scott,Mark,212,2,Colon
Gentry,Kyle,Rita,212,3,Jebel
Stamey,Amanda,George,212,1,Qingdao
Anderson,Patricia,Vincent,213,0,HongKong
Weaver,Stanley,Bonnie,213,3,Lianyunguang
Weiss,Janice,Kenneth,213,1,Los-Angeles
Oliphant,Dale,Judy,213,2,Shanghai
Langone,Bonnie,Diana,214,1,Tanger-Med
Kelly,George,William,214,1,Tianjin
Carmichael,Rachelle,Jeffrey,215,0,Colombo
Engles,Jeremy,Frances,215,3,Rizhao
Sutton,Phyllis,Jarrod,216,2,Keihin
Baker,Tommy,David,217,1,Algeciras
Miller,Stanley,Sidney,217,0,Dongguan
Tilly,Alexander,Debora,217,0,Rotterdam
Relf,Ann,William,218,2,Dongguan
Mederios,Mary,Carmen,218,0,Tokyo
Starks,Frank,Freddie,220,1,Felixstowe
Benny,Susan,Deanna,220,2,Keihin
Tarkington,Clarence,Jeannette,220,2,Lianyunguang
Bryant,Stephen,Leonard,220,0,Salalah
Daffin,Emily,Stephanie,220,0,Singapore
White,Rebecca,Ann,221,3,Antwerp
Mondell,Amber,Jessica,221,1,Dalian
Volcko,Joseph,Lisa,222,2,Hanshin
Kitanik,Michael,Timothy,222,1,Long-Beach
Ettinger,William,Joseph,222,3,Rotterdam
Richard,Janice,Herbert,222,2,Rotterdam
Cassidy,Patty,Rosa,223,3,Algeciras
Young,Stephen,Amos,224,0,Shanghai
Behn,Robert,Amy,224,1,Tanjung-Priok
Barrick,Barbara,Jan,225,2,Long-Beach
Mccoun,Barry,Mae,226,1,Busan
Chidester,Jacqueline,Charles,227,2,Colon
Cook,Josefa,Wanda,227,0,Keihin
Macvane,Paul,Philip,227,1,Lianyunguang
Strunk,Marcos,Beverly,227,0,New-Jersey
Guillory,Diana,John,227,0,Piraeus
Munson,Peter,Donald,227,3,Yingkou
Nieves,Tara,Robert,229,0,Busan
Brammer,Geri,Samantha,229,0,Ho-Chi-Minh
Anderson,Tara,Mary,229,1,Santos
Brooks,Aretha,William,230,1,Piraeus
Zecca,Laura,Thomas,230,1,Santos
Campbell,Colleen,Leroy,231,1,Ho-Chi-Minh
Setzer,Eva,Lisa,231,0,Long-Beach
Bryant,Toni,Jay,231,3,NingboZhoushan
Evans,Katherine,Michael,231,2,Shenzhen
Thomas,Astrid,Francis,232,2,Algeciras
Tyler,Ophelia,Daniel,233,2,Algeciras
Herman,Dustin,John,233,0,NingboZhoushan
Green,Cecil,Alice,236,0,Mundra
Curtis,Sharon,Claudia,236,1,Piraeus
Montey,Sabrina,Antonio,237,0,Santos
Friedland,Gordon,Bonnie,238,1,Dalian
Leesman,Patrick,Linda,238,0,Laem-Chabang
Hallock,Andrew,Kenneth,238,2,Long-Beach
Mcdonald,Alicia,Edward,238,0,Salalah
Edmondson,Gary,Mary,238,0,Tanjung-Priok
Haney,Harriet,Desiree,239,0,Kaohsiung
Chico,Barry,Timothy,239,1,Mundra
Holmes,Mary,Tamara,239,2,Savannah
Pino,Juliana,John,239,1,Tanger-Med
Flamand,Anthony,Charles,240,3,Colon
Austin,Katy,Claire,240,1,Jebel
Burden,Janet,Patrick,240,3,Savannah
Davis,Wilma,Patrick,241,2,Busan
Oliva,Carolyn,Brian,241,1,Marsaxlokk
Clarno,Raymond,Kenny,242,2,Hamburg
Sanchez,Les,Hilda,242,1,Ho-Chi-Minh
Lipton,Katherine,Benjamin,242,1,Mundra
Elliott,Lucas,Carol,243,1,Hanshin
Dueno,Monty,Howard,243,2,Lianyunguang
Lant,Robert,Ronald,243,3,Lianyunguang
Calderone,Bob,Virgil,243,0,Los-Angeles
Oldham,Edwardo,Andrea,243,1,Mundra
Sanford,Michael,Melissa,245,1,Jawarharlal-Nehru
Avila,Faye,William,245,2,Jebel
Baird,Marco,Elaine,245,2,Manila
Sullivan,Ralph,Walter,246,2,Ho-Chi-Minh
Potts,Katie,Cristi,246,2,Manila
Theobald,George,Douglas,246,3,Tianjin
Lowery,Kristi,Richard,247,0,Dongguan
Papa,Bradley,Elmer,247,0,Manila
Rasco,Ronald,John,247,3,Savannah
Chavez,Joan,Trudy,248,0,Hamburg
Dee,Ethel,Barbara,248,2,Jebel
Clark,Harry,Leland,249,2,Algeciras
Leather,Domonique,Kevin,249,1,Kaohsiung
Hunter,Joshua,Patricia,249,0,Tanjung-Priok
Henderson,John,Renae,249,0,Tokyo
Marcus,Felipe,Kenneth,250,3,Dalian
Gainey,Thomas,Bruce,250,0,Marsaxlokk
Bishop,Paul,David,250,1,Tokyo
Nelson,Roma,Roger,251,1,Busan
Franks,Louella,Terry,252,1,Algeciras
Seals,Christina,James,252,0,Felixstowe
Moody,Larry,Donald,252,2,Hanshin
Hayes,Martin,Felipe,252,2,Jebel
Davis,Tina,Jill,253,1,Fuzhou
Schempp,Michael,Joseph,253,3,Jeddah
Nolan,Joseph,Virgie,253,0,Kaohsiung
Taylor,Janet,Rachel,253,2,Manila
Miraflores,Bruce,Robert,253,2,Qingdao
Harvey,Herman,Marian,254,3,Ho-Chi-Minh
Suttles,Brenda,Jacqueline,254,0,Tanjung-Priok
Herman,Kelly,Patricia,255,0,Ho-Chi-Minh
Neves,Kevin,Jane,255,2,HongKong
Webb,Amie,Agnes,256,1,Hanshin
John,Jonathan,Stacy,256,1,Tianjin
Horton,Adela,William,257,2,Xiamen
Weir,Oren,Tiffany,258,1,GuangzhouHarbor
Larson,Christopher,John,259,1,Laem-Chabang
Sanchez,Fred,Julie,260,2,Barcelona
Cruz,Barbara,Donald,260,2,Qingdao
Wallace,Dorothy,Lorene,260,3,Tokyo
Poston,Marie,Billie,261,2,Fuzhou
Patton,Frank,Allen,261,0,Tanjung-Pelepas
Anders,Donna,Johnny,262,0,Hanshin
Owens,Aubrey,Joseph,262,3,Tanjung-Pelepas
Griggs,Gilbert,Bob,263,0,NingboZhoushan
Marrero,Kevin,Tonya,263,2,Rotterdam
White,Deanna,Yvone,263,0,Tokyo
Greathouse,Bridgette,Ray,264,2,Cai
Henson,Matthew,Christine,265,1,Laem-Chabang
Taylor,Carolyn,Robin,265,0,Los-Angeles
Cason,Cindy,Paul,265,0,Rotterdam
Peppers,Elbert,Stephen,265,1,Singapore
Smith,Adam,Doris,266,1,Busan
Hoffman,Charles,Bernice,266,1,Manila
May,Kyle,Tiffany,267,3,Dalian
Kalish,David,Larry,267,0,Jebel
Nelson,Steve,Eileen,267,1,Kaohsiung
Klein,John,Danny,267,1,Los-Angeles
Miller,Margie,Reda,267,3,Los-Angeles
Smith,Tracy,Eric,267,2,Tanjung-Pelepas
Jelks,Sharon,Anita,268,0,GuangzhouHarbor
Anderson,Phillip,Kathleen,268,3,Long-Beach
Loper,Beulah,Judy,268,2,Mundra
Haertel,William,Clint,268,2,Rotterdam
Nichell,Jeffrey,Donald,269,0,Hanshin
Burt,Ronald,Barbara,269,2,Singapore
Lane,Amy,Donald,269,2,Yingkou
Schneider,Angela,Rachael,270,3,Tanjung-Priok
Tucker,Donnie,Barbara,271,1,NingboZhoushan
Musty,Tracy,Jose,272,1,Manila
Dunham,Ronald,Albertine,272,0,NingboZhoushan
Ryan,Alicia,James,272,3,NingboZhoushan
Macomber,Nolan,Cynthia,273,2,Jebel
Roberts,Patricia,Kelly,273,1,Klang
Austin,George,Linda,273,2,Long-Beach
Horne,Shanna,Richard,274,1,NingboZhoushan
Yale,Roseanne,Carol,274,3,NingboZhoushan
Blair,Martin,William,275,2,Jeddah
Townsend,William,Charles,275,1,Marsaxlokk
Holloway,Antonio,Stephen,275,1,Mundra
Lusk,Terry,Charles,276,0,Colombo
Fitzwater,Randall,Catina,276,1,Colon
Davis,Sue,Sue,276,1,Fuzhou
Villeda,Bryon,Frank,276,0,NingboZhoushan
James,Ray,Robert,276,0,Savannah
Hunter,Karen,Regina,276,0,Singapore
Mix,Victoria,Nellie,276,1,Vancouver
Hamilton,Duane,Brenda,277,1,Fuzhou
Peterson,Jeffrey,Tonya,278,0,Fuzhou
Brooks,Mindy,Morton,278,3,Jawarharlal-Nehru
Louie,Thomas,Velma,278,2,Klang
Meyers,Lee,Patricia,278,1,Laem-Chabang
Azevedo,Marco,Thomas,279,1,Felixstowe
Tackett,Catherine,William,279,1,Jeddah
Francis,Stephen,Victor,279,2,Shenzhen
Schleck,Elizabeth,Cathy,280,1,Mundra
Presley,Penelope,Robert,280,0,Qingdao
Escoto,Roger,Jacqueline,280,1,Savannah
Williams,Michele,Carol,280,2,Tanger-Med
Devita,Bryon,Charles,280,2,Tianjin
Page,Barbara,Evelyn,281,1,Busan
Tsang,Eric,Virginia,281,3,Santos
Pena,Scot,Belinda,281,3,Tanjung-Pelepas
Parker,Jacqueline,Kayla,282,0,Long-Beach
Woolley,Vicky,Thomas,282,2,Rotterdam
Filgo,Seth,Melvin,282,1,Tanjung-Priok
Schmidt,Alexander,Betty,282,1,Yingkou
Aadland,Casey,Linda,283,3,Felixstowe
Maddox,Nannie,Anthony,283,2,Salalah
Kanemoto,Dana,Annette,284,3,Klang
Vanburen,Jenifer,Elizabeth,285,3,Dalian
Stein,Joyce,Barbara,285,0,Fuzhou
Girdler,Michael,Brian,286,1,Felixstowe
Cota,Mark,Nicholas,286,2,Hanshin
Harling,Travis,Daniel,287,1,Antwerp
Curry,Andrew,Emily,287,2,Dalian
Griffin,Myrtle,Jaime,289,3,GuangzhouHarbor
Cavaliero,Antonia,Jennifer,289,3,Savannah
Loughran,Mary,Andrea,291,0,Felixstowe
Diliberto,Donald,Kathleen,291,2,HongKong
Hernandez,Marcos,Elizabeth,291,1,Rotterdam
Lange,Wendy,Jonathan,291,1,Santos
Mcneal,Chris,Natasha,291,1,Shanghai
Mullens,Cherie,Kathleen,291,3,Tanger-Med
Edwards,Luis,Michael,292,3,Barcelona
Fenelus,Calvin,Julia,293,2,Antwerp
Fields,Irene,Karen,293,0,Barcelona
Whitlock,Reva,Stephen,293,1,Jawarharlal-Nehru
Burton,Andre,Donald,293,1,Long-Beach
Sweeney,Franklin,Alice,293,2,Los-Angeles
Cullen,Amy,Max,294,3,Klang
Ekmark,Steven,Dolores,294,1,Rizhao
Siegel,Bobbie,Nancy,295,3,Colon
Johnson,Thomas,Gwendolyn,296,2,Hamburg
Boyd,Daniel,Brenna,296,3,Laem-Chabang
Carrizales,Andrew,Claudia,297,1,Algeciras
Louis,Peter,Lucy,297,2,Fuzhou
Garcia,Jeff,Andrew,297,0,Hamburg
Double,Larry,Roderick,297,2,Lianyunguang
Dalrymple,Stacey,Maritza,299,3,Bremen
Wagner,Vincent,Jesus,299,0,Hamburg
Foley,Kim,Milton,300,3,GuangzhouHarbor
Kuntzman,Jessica,Jon,300,1,Jeddah
Kazunas,Chris,Elizabeth,300,2,Klang
Lopez,Betty,Claude,301,1,Jawarharlal-Nehru
Stambaugh,Tracy,Timothy,301,2,Marsaxlokk
Griffey,Frank,Jimmy,302,0,Salalah
Wallace,Sean,Cathy,302,1,Salalah
Sanchez,Dixie,Curtis,303,3,Rizhao
Stuemke,Scottie,Edward,304,0,Keihin
Underwood,Sean,Patricia,304,2,Los-Angeles
Gardiner,Michael,Ray,305,3,Fuzhou
Rasche,Raymond,Bruce,306,0,Shenzhen
Bennett,Michael,Elizabeth,307,1,Santos
Keown,Richard,Jennifer,308,0,Bremen
Brush,John,Amy,309,2,Dongguan
Scott,Stuart,Sylvia,309,3,Jebel
Dickson,Katharine,Tia,310,1,Mundra
Stone,Oscar,Andrea,311,1,Cai
Proulx,Luz,Manuel,311,2,Colon
Mai,Jeffrey,James,312,2,Colombo
Robbins,Joe,Jeffrey,312,0,Dongguan
Berglund,Frank,Hector,312,2,Tanjung-Pelepas
Wisniewski,Victor,Sydney,313,3,Busan
Phillips,Ronald,Sharon,313,0,Cai
Ison,Ronald,Jason,313,2,Ho-Chi-Minh
Hernandez,Ralph,Dorothy,313,0,Xiamen
Rivera,Percy,Evelyn,314,3,Dalian
Jones,Jose,Lana,314,3,Tianjin
Combs,Benito,Gerard,314,0,Xiamen
Patella,Brandon,Timothy,315,3,Cai
Okeefe,Cynthia,Daniel,316,3,Bremen
Aceves,John,Rolanda,316,3,Colombo
Silva,Kevin,Ruby,316,1,Piraeus
Kujawa,Rochelle,Emilia,316,2,Tanjung-Priok
Godfrey,Jose,Ruben,317,1,Shanghai
Ashton,Jeremy,Charles,317,3,Tianjin
Pinera,Mary,Naomi,318,3,Cai
Hledik,Miles,Sylvia,318,0,Colon
Roy,Kenneth,Ryan,318,1,Piraeus
Queen,Christopher,Walter,319,2,Bremen
Carson,Jessie,Bridget,319,0,Laem-Chabang
Lajoie,Lester,Shannon,319,2,Rizhao
Taylor,Zachary,Mary,319,1,Vancouver
Smith,Charles,Marion,320,1,Tokyo
Frith,Jennifer,Deborah,321,2,Hanshin
Delong,Darrell,Charles,321,0,NingboZhoushan
Villegas,Harry,Barbara,321,0,Shanghai
Anderson,Deborah,Michael,322,1,Dalian
Scholtens,Catherine,Randy,322,3,Jawarharlal-Nehru
Kunert,Molly,Patricia,322,1,Manila
Evans,Nathan,Thomas,323,1,Ho-Chi-Minh
Jubilee,Sharlene,Dana,324,3,Busan
Osborne,Gladys,Estella,324,3,Fuzhou
Jenkins,Charles,Simon,324,0,Los-Angeles
Hazzard,John,Kevin,324,1,Mundra
Wilson,Mary,Arturo,325,1,Jebel
Sahota,Lisa,Taryn,325,2,Shanghai
Eskew,Tonia,Sarah,325,3,Tanjung-Priok
Nebarez,Sara,Patrice,326,2,Busan
Neal,Robert,Julia,326,0,GuangzhouHarbor
Decker,Glenda,Giselle,326,3,New-Jersey
Broughton,Issac,Patrick,326,1,Rizhao
Venneri,Philip,Evelyn,326,1,Tokyo
Davis,Nancy,Linda,327,3,Shanghai
Zack,Stanley,Diane,328,1,Ho-Chi-Minh
Davis,Lynn,Kathleen,328,1,Xiamen
Cordero,Eric,Sherry,329,2,Jebel
Arnold,Jordan,Robert,329,0,New-Jersey
Sanchez,Keshia,Sandy,329,2,Tanjung-Priok
Pelkey,Gloria,Marie,330,3,Busan
Cadwell,Patricia,Sharon,331,2,Colon
Anderson,Anthony,Joyce,331,2,Tianjin
Robertson,Katherine,Stephanie,332,1,Jeddah
Underwood,William,Riley,332,3,Tanjung-Priok
Gonzalez,Peggy,Nathaniel,333,3,Algeciras
Bradford,Sue,Lorraine,333,3,Felixstowe
Brown,Christian,Katherine,333,1,Manila
Webber,Heather,Bessie,333,3,Manila
Gibson,Brittany,Andrew,333,2,Rotterdam
Pannell,Brian,Maria,334,0,Algeciras
Nix,Charlene,Arthur,334,3,Los-Angeles
Thompson,James,Santiago,334,3,Salalah
Harbison,Derek,Thelma,334,1,Shanghai
Mathis,Donald,Ashley,334,2,Shenzhen
Luer,Richard,Angela,336,3,Kaohsiung
Nelson,Ruth,Christopher,336,3,Singapore
Cano,Debra,Dale,337,3,Keihin
Whitten,Gregory,Kenneth,337,0,Los-Angeles
Shoults,William,Rose,337,2,Yingkou
Escalante,David,Jared,338,3,Los-Angeles
Givens,Jerri,Cyrus,338,3,Xiamen
Jones,Brian,Joyce,339,3,Tanger-Med
Christian,William,John,339,1,Tanjung-Priok
Licata,Dorothy,Robin,340,3,Busan
Garza,Maryann,Nicole,340,2,Klang
Wilson,James,Jared,340,2,Xiamen
Michaels,Jacqueline,Jessie,341,3,Jeddah
Delatorre,Vincent,Leah,341,1,Mundra
Otwell,Calvin,Becky,342,3,Barcelona
Whitman,Jonathan,Michael,342,2,Bremen
White,Ann,Cynthia,342,0,Tanjung-Priok
Maddox,Catherine,James,343,0,Cai
Lipsitz,Raymond,Linda,343,2,Marsaxlokk
Donald,Colleen,Gail,343,3,Salalah
Hibbs,Christina,Brittany,343,0,Tokyo
Murphy,Allen,Karen,343,2,Vancouver
Allen,Michael,Kendall,344,1,Colombo
Jean,Don,Karen,344,0,Dalian
Podesta,Jayne,Gina,344,3,Ho-Chi-Minh
Allen,Micheal,Daniel,345,2,HongKong
Schattner,Patricia,Reatha,345,0,Savannah
Ortiz,Karen,Angela,345,3,Shenzhen
Owens,Aida,John,346,1,Tanger-Med
Birchall,Laura,Michael,346,3,Tianjin
Singleton,Tracy,Roger,348,1,Algeciras
Crass,John,Willie,348,0,Tanger-Med
Ek,Martin,Terry,348,1,Tanger-Med
Kindred,Holly,Lucy,348,3,Tianjin
Young,Mabel,Tiffany,348,2,Yingkou
Bowers,Leon,Christine,349,1,Keihin
Healy,Allen,Paul,349,1,NingboZhoushan
Pace,Floyd,David,349,1,Salalah
Jennings,Francisco,Linda,349,3,Tanjung-Pelepas
Patterson,Lillie,Gail,350,3,Mundra
Molina,Barbara,David,351,1,Cai
Lew,Timothy,Homer,351,2,Colon
Aaberg,Darla,Juliana,351,1,Dalian
Diller,Louise,Christine,351,2,Dalian
Christensen,Mildred,Carolyn,351,2,Laem-Chabang
Morelli,Dennis,Aubrey,352,0,Antwerp
Moore,Timmy,Manuel,352,0,Colombo
Campbell,Bessie,Rodolfo,352,2,NingboZhoushan
Anderson,Rodney,Robert,353,2,Bremen
Rodriguez,David,Dwight,353,0,New-Jersey
Trotter,William,Gertrude,353,3,New-Jersey
Barker,Shirley,Michael,354,2,Mundra
Lewis,John,Valerie,355,0,Lianyunguang
Nicholas,Beverly,Edwin,355,2,Mundra
Scarce,Sarah,Leslie,356,2,Antwerp
Koenig,Herman,Barbara,356,0,Colon
Mcadoo,Helena,Donald,356,0,Santos
Massey,Katherine,Jon,356,3,Savannah
Keaney,Belinda,Minh,356,0,Tokyo
Weeks,Lois,Carolyn,357,0,Savannah
Radabaugh,Billy,Bryon,357,0,Yingkou
Henry,Becky,Nancy,358,3,Jawarharlal-Nehru
Hsu,Jewell,Bobby,358,0,Yingkou
Kirsch,Bridget,Chad,359,1,Fuzhou
Cruz,Daniel,Luke,359,2,HongKong
Nelson,Irma,Eleanor,359,1,Mundra
Burnett,Ruth,Susan,360,1,Jebel
Liles,Bobby,Sandra,360,0,Laem-Chabang
Bell,Charles,Ethel,360,0,Long-Beach
Gutierrez,Harvey,Iliana,361,0,Bremen
Negbenebor,Cesar,John,361,3,Laem-Chabang
Bolden,Marc,Mara,362,0,Jawarharlal-Nehru
Bell,Michael,Sonia,362,3,Singapore
Jones,Alyssa,Roger,362,3,Tanger-Med
Greene,Hollie,Bertha,363,1,Jebel
Doughty,Kathryn,Kathy,363,0,Keihin
Brown,Kevin,Philip,364,0,Dalian
Mundy,Paul,Michael,364,2,Fuzhou
Carlos,Sharon,Vena,364,3,Savannah
Clarke,Alex,Connie,365,1,Klang
Mcduffie,Joseph,Gary,366,2,Shanghai
Raper,Fay,Samuel,366,1,Shenzhen
Burchinal,Daniel,Jeremy,367,1,Keihin
Ellis,Kenneth,Paula,367,3,Singapore
Myers,Beverly,Carita,368,0,Antwerp
Brooks,Ashley,Michael,368,0,GuangzhouHarbor
Crowell,Boyce,Carmen,368,1,Savannah
Romero,Rita,Irma,369,3,Ho-Chi-Minh
Taylor,Maria,Woodrow,369,0,Manila
Mims,My,Silvana,370,3,Ho-Chi-Minh
Johnson,Karen,Donna,371,3,Laem-Chabang
Mims,Norma,Anna,372,1,Busan
Griffith,James,Esther,372,0,Hamburg
Muniz,Agnes,Scott,372,1,Lianyunguang
Grimes,Eva,Lynne,373,2,Santos
Holmes,Teri,Ronnie,373,3,Shenzhen
Collins,Justin,Patricia,373,2,Vancouver
Woolard,Luisa,Catherine,375,0,Algeciras
Zatorski,Cecil,Nancy,375,3,Jeddah
Orr,Robert,William,375,3,Xiamen
Sheffield,Kenneth,Ron,376,1,Los-Angeles
Sweatt,Kenneth,Edward,377,0,NingboZhoushan
Guest,Rebecca,Marie,378,2,Fuzhou
Wien,Lillie,Robert,378,2,Hamburg
Matthews,Arthur,Ignacio,378,0,HongKong
Kelker,Angie,Karen,379,0,Colombo
Robertson,Francis,Paul,379,1,NingboZhoushan
Vanriper,Fred,Michael,380,1,Antwerp
Stewart,James,James,380,1,HongKong
Bouyer,Patricia,Mary,380,2,Salalah
Lyles,Corey,James,380,3,Tianjin
Boggs,Marie,Elisa,380,3,Xiamen
Dickman,Catherine,David,381,0,Cai
Pence,Dawn,Charles,382,0,Mundra
Muir,Connie,George,382,1,Rizhao
Blackburn,Albert,Sidney,382,2,Tanjung-Pelepas
Bethel,Jason,Sandra,382,0,Tokyo
Troise,Stephanie,Glenda,384,1,Tanger-Med
Bodo,Alberta,Iris,385,1,Bremen
Smith,Christopher,Raymond,385,2,Hanshin
Moore,Shirley,Bonnie,385,0,Shenzhen
Gearhart,Edward,Heather,385,0,Vancouver
Singer,Latoya,Donna,386,0,Klang
Diaz,Louie,Orpha,386,2,Laem-Chabang
Lau,Jeanne,Frank,386,0,Singapore
Corella,Virginia,Ryan,386,2,Tanjung-Pelepas
Arnold,Richard,Lynda,386,2,Xiamen
Held,Adrian,Darrick,388,0,Tanger-Med
Cox,Kevin,Jordan,389,2,Antwerp
Artman,Cortney,Daniel,389,2,Colombo
Lee,Dorothy,Dante,389,0,Jawarharlal-Nehru
Farris,Andrea,Charles,389,0,NingboZhoushan
Knight,Elbert,Kathryn,390,3,Antwerp
Reed,Doris,Mary,390,3,New-Jersey
Taque,Charles,Carl,390,1,Shenzhen
Addy,Norma,Mark,391,2,Marsaxlokk
Laws,Maria,Virginia,391,0,Marsaxlokk
Levin,Henry,Richard,391,1,Tanger-Med
Mccaslin,Hobert,Paul,391,1,Tokyo
Jackson,Oscar,Sharon,391,2,Yingkou
Hopper,Joseph,Esther,392,3,Piraeus
Gulledge,Justin,Claire,393,0,Barcelona
Womble,Kathryn,Michelle,393,3,Ho-Chi-Minh
Mccorrison,Louise,Malinda,395,1,Lianyunguang
Luke,Terry,Julie,395,1,Santos
Guzman,Rosa,Rosendo,396,2,Busan
Hanes,Sandra,Ashley,397,2,New-Jersey
Campbell,Ira,Casey,397,3,NingboZhoushan
Sanchez,Kimberly,Shirley,397,2,Tokyo
Kirby,James,Curtis,398,0,Lianyunguang
Landis,Patricia,Vicente,398,0,Long-Beach
Flemings,Joseph,Sandra,399,3,Barcelona
Benitez,Ralph,David,399,1,Long-Beach
Mosley,Tanya,Juli,399,3,Tokyo
Sawin,Jessica,Cheri,400,2,Los-Angeles
Polley,Alana,David,401,3,Bremen
Whetsel,Van,Elisa,401,3,Colombo
Baird,Eva,Everett,401,0,Long-Beach
Jacklin,Lorraine,Annie,401,3,Santos
Brown,Norma,Ron,401,1,Xiamen
Blakley,Virginia,Larry,402,0,Colon
Guerra,Lisa,Audrey,402,0,Dongguan
Grindstaff,Ola,Willie,402,0,Ho-Chi-Minh
Christensen,Angela,Glen,402,0,Shanghai
Bednar,April,Mary,403,3,Hanshin
Carr,Joseph,Joshua,403,0,Mundra
Perez,Joseph,Judy,404,2,Long-Beach
Berryhill,Oscar,Barbara,404,0,Vancouver
Leblanc,Joycelyn,Arthur,405,2,Kaohsiung
Anderson,Harry,Kimberly,406,1,Algeciras
Dubois,Sonya,Carol,407,1,Barcelona
Thibeaux,Jeanette,Sandra,408,2,Algeciras
Lambert,Tracey,Gerard,408,0,Long-Beach
Ward,Denise,Amanda,408,1,Qingdao
Gaylord,James,Gladys,408,3,Salalah
Romriell,Sara,Brittany,409,0,Shanghai
Mahon,Abbey,Barbara,410,0,Dongguan
Frain,Tina,Veronica,410,0,Keihin
Wedeking,Amy,Thomas,410,1,New-Jersey
Hackworth,Rhonda,Mary,410,0,Xiamen
Norman,Cedric,Roger,411,0,Dongguan
Townsend,Mary,William,411,1,Xiamen
Sumrall,Tracy,Harriet,412,1,Colombo
Harris,Carol,Margaret,412,1,Tanjung-Priok
Wilkes,Samuel,James,413,3,HongKong
Sugar,Fred,Willie,413,2,Mundra
Spearman,Ryan,Philip,413,0,Rizhao
Hilty,John,Peter,413,1,Singapore
Vanwagner,Claudia,Jesus,416,2,Antwerp
Brooks,Maggie,Cathleen,416,0,Jebel
Pfeffer,Alexis,Nicholas,416,2,Laem-Chabang
Gass,Sarah,Nancy,418,0,Klang
Medlock,Mathew,Melissa,420,0,Laem-Chabang
Shaw,Zella,Alan,420,3,NingboZhoushan
Jett,Jane,David,420,1,Tanjung-Pelepas
Cupp,Terry,Daryl,421,3,Qingdao
Santillan,Marion,James,422,2,Kaohsiung
Moore,Elvera,Jeffrey,422,2,Long-Beach
Johnson,Cornelia,Lenora,423,3,Busan
Jones,Patricia,Nancy,423,1,Colombo
Allendorf,Jason,Sarah,423,3,Qingdao
Janssen,Jeffrey,Teresa,423,1,Tanjung-Pelepas
Kubis,Charles,April,424,3,Colombo
Eisenberg,James,Audrey,424,1,Jebel
Womack,Andrew,David,424,1,Klang
Thomas,Marcus,Blanche,424,1,Rotterdam
Vinson,Nicky,Daniel,425,0,Colombo
Wellington,Peter,James,426,0,Singapore
Springs,Deborah,Deanna,426,3,Tanjung-Pelepas
Walters,Edmond,Helen,427,2,Cai
Balistrieri,Rodney,James,427,3,Hamburg
Koopman,Robert,Tony,427,1,Rizhao
Slaton,Caroline,Frances,427,2,Vancouver
Parker,Valeria,Cheryl,428,0,Qingdao
Burkhart,Danny,Amy,428,1,Xiamen
Simmons,Dean,Katherine,429,2,Manila
Cook,Bernice,Felicia,429,0,New-Jersey
Lemley,Theresa,James,431,3,NingboZhoushan
Kerber,Cindy,Cheryl,432,1,Cai
Crabb,Charles,Madeline,432,3,HongKong
Nixon,Dorothea,Mario,432,2,Marsaxlokk
Herrmann,Megan,Laura,432,0,Mundra
Fuentes,Ann,Linda,432,1,Vancouver
Spoon,David,Kathy,434,0,Busan
Miranda,Robert,John,434,3,Santos
Schmidt,Wendell,Judith,434,2,Tanger-Med
Jacobson,Philip,John,435,0,Lianyunguang
Younts,Terry,Marcus,436,1,Mundra
Lai,Linda,Dora,436,3,Xiamen
Martinez,Ernesto,Gabriela,437,3,Fuzhou
Westover,Kenneth,Daniel,437,3,Yingkou
Rose,Kevin,Drucilla,438,3,GuangzhouHarbor
Cruz,Brenda,Joyce,439,0,Jawarharlal-Nehru
Lopinto,Alexander,Brandon,439,1,Manila
Carroll,Laurie,Sharon,439,2,Marsaxlokk
Barnes,Adam,Micheal,440,3,Colombo
Guo,Merle,Roy,440,1,Ho-Chi-Minh
Vanover,Robert,David,441,0,Jeddah
Mader,Claretta,Wilma,441,0,Keihin
Brice,Paul,Harold,441,1,Tianjin
Hosford,Tommy,Stephanie,443,0,Hamburg
Tucker,Patsy,Leoma,443,0,Manila
Stribley,Deborah,Julia,443,1,Tanjung-Pelepas
Moseley,Henry,Kathleen,444,2,Dalian
Mcrary,Jean,Joanne,444,3,Jawarharlal-Nehru
Morgon,Isaac,Delores,444,3,Shenzhen
Lamarre,Jesus,Bridgette,444,0,Tanjung-Pelepas
Colwell,Linda,Kelsie,445,0,Fuzhou
Brown,Wanda,Henry,446,0,Cai
Virgil,Judy,Isabelle,446,0,HongKong
Mynatt,Lisa,Daniel,446,3,Qingdao
Dunham,Viola,Eli,446,1,Vancouver
Barnard,Jeffrey,Russ,446,0,Yingkou
Walker,David,Lacey,447,1,Hanshin
Mcdaniel,John,James,447,0,Salalah
Smith,Joyce,Susan,447,0,Santos
Gier,Rita,Donald,448,3,Colombo
Nichols,Agnes,Ramona,448,3,Kaohsiung
Vinson,Mary,Janice,448,0,Keihin
Dozier,Hannah,Raul,448,1,Mundra
Crosby,Victor,Phyllis,448,2,New-Jersey
Key,Lawrence,Patrick,448,0,Tanger-Med
Stern,Vickie,Sarah,448,0,Xiamen
Harris,Richard,Mary,448,1,Yingkou
Swift,Justin,Sheldon,449,1,Bremen
Skousen,Barbara,Carlos,449,0,Cai
Leary,Cynthia,James,449,1,Long-Beach
Lane,Katherine,Alice,449,3,Manila
Ballard,Patricia,Sheila,450,1,Rotterdam
Taylor,Daniel,Lillie,450,1,Shenzhen
Bickley,Alfred,Deborah,451,1,Barcelona
Lewis,William,James,451,1,Barcelona
Gerard,Antonio,Betty,451,1,Jawarharlal-Nehru
Rhodd,Dennis,Joyce,451,0,Long-Beach
Fish,Janice,Charles,451,2,Tanjung-Priok
Johnson,Scott,Roy,452,1,Yingkou
Smith,Walter,Lonnie,453,3,Barcelona
Moss,Charles,Christopher,453,2,Dongguan
Schaeffer,Salvador,Tiffany,454,2,Felixstowe
Holleran,Carole,Edmond,454,3,HongKong
Marcum,Miriam,Bradley,454,2,Tokyo
Wood,Richard,Barbara,455,0,Colombo
Harper,Brandon,Francisco,457,3,Jawarharlal-Nehru
Harris,Dennis,Pedro,457,1,Jawarharlal-Nehru
Koski,Richard,Philomena,457,2,Lianyunguang
Harper,Kelly,Edwin,457,3,Shanghai
Burch,Octavio,Clinton,458,3,Keihin
Uutela,Yvonne,Tabitha,458,2,Laem-Chabang
Horner,Laura,Christopher,458,3,Long-Beach
Jones,Harriet,Bertha,458,3,Shanghai
Cross,Keith,Robert,459,2,HongKong
Kee,Paul,Doris,459,0,Shenzhen
Wiedman,Lenore,Clifton,460,2,Keihin
May,Terrell,Dollie,460,1,Klang
Fisher,Robert,Megan,460,3,Manila
Sanders,Gary,James,460,1,NingboZhoushan
Encarnacion,Evelyn,Shannon,461,2,HongKong
Allegra,John,Julia,461,1,Qingdao
Duarte,Kandis,Earl,461,2,Tanjung-Pelepas
Martel,Edna,Marjorie,462,0,GuangzhouHarbor
Buchanan,James,Mark,462,3,Mundra
Barnett,Brenda,Leah,463,3,New-Jersey
Harris,Shirley,Annie,463,3,NingboZhoushan
Reyes,Selma,Abe,463,3,Rizhao
Boyd,Phillip,Leo,463,2,Singapore
Smith,Mark,Willard,463,2,Tanjung-Priok
Bishop,Willie,Lasandra,463,2,Yingkou
Wooldridge,Karyn,John,465,3,Jawarharlal-Nehru
Solorio,Chester,Yvette,465,2,Los-Angeles
Kook,Carmen,Jamie,465,1,Santos
Drum,Cecilia,Carlos,466,1,Manila
Brotzman,Richard,Linda,466,0,Tanjung-Pelepas
Chavez,David,Kyle,466,1,Tanjung-Pelepas
Jordan,Edward,Dallas,467,2,Busan
Marcos,Dale,Katherine,467,0,Laem-Chabang
Navarrette,Arthur,Emanuel,467,3,Savannah
Hume,Barbara,Linda,468,1,Singapore
Ott,William,Angel,469,1,Fuzhou
Griffo,Phil,Jose,469,0,New-Jersey
Barber,Raymond,Christopher,469,1,Tanger-Med
Damico,Angela,Miguel,470,2,Keihin
Brickner,Kristi,Donte,470,0,Santos
Phelps,Richard,Judith,470,2,Xiamen
Sawyer,Yu,Douglas,471,1,Bremen
Wilson,Jay,Virgilio,471,2,Felixstowe
Bivins,Margot,Christine,471,0,Rizhao
Hauck,David,Kevin,471,3,Salalah
Scott,Nicholas,Helen,471,2,Savannah
Jones,Judith,Donna,471,3,Singapore
Mcdonald,Gregory,Carl,471,1,Singapore
Corr,Amy,Eliza,472,3,Jeddah
Paul,Jacquline,Carolyn,473,3,Hamburg
Bartel,Alex,Anthony,473,1,Qingdao
Griner,Jose,Lisa,473,3,Tanjung-Priok
Mccoy,Donald,Odessa,473,0,Xiamen
Cunningham,Christine,Marcus,474,2,Barcelona
Hurse,Betty,Freddie,474,3,Jeddah
Brown,Karen,Bobby,474,0,Rotterdam
Holmes,Jennifer,Jerry,475,3,Jawarharlal-Nehru
Eaton,Raymond,Rose,475,3,Lianyunguang
Rose,Jennifer,William,475,0,Tanjung-Pelepas
Travers,Tressie,William,476,0,Barcelona
Manrique,Annie,Robert,476,0,Jebel
Hubler,Nathan,Kristen,476,2,Lianyunguang
Place,Heike,Kathy,476,0,Vancouver
Mooney,Timothy,Michelle,477,2,Hanshin
Weber,Judy,Mitchell,477,1,Klang
Moore,Charles,Lisa,477,2,Tanjung-Pelepas
Rodriguez,Christopher,Hector,478,0,Antwerp
Simmons,Bruce,Michael,478,0,Antwerp
Bixler,Georgia,Cathy,478,3,Dongguan
Schwarz,John,David,479,2,Cai
Milligan,Michael,Casey,479,1,Colon
Chalifoux,Wilber,Robert,479,2,Dalian
Green,Ricky,Francis,479,2,Xiamen
Thomas,Lisa,James,480,2,Lianyunguang
Kelly,Ralph,Tracy,480,0,Qingdao
King,Jose,Patrick,480,2,Rizhao
Gries,Michael,Alex,482,2,Busan
Shirley,William,Jessie,482,1,Long-Beach
Haney,Kristen,Scott,483,3,Kaohsiung
Bender,Louise,Betty,485,3,Cai
Painter,Ashley,Diane,485,3,Jeddah
Loya,Lorie,Evelyn,485,2,Rotterdam
Slaughter,Sandra,Bianca,485,1,Tanjung-Priok
Chaney,Ruth,Eleanor,486,0,Tanger-Med
Hopper,Rhiannon,Raymond,487,3,Shanghai
Alessio,Cynthia,Samara,488,3,HongKong
Grober,Mindy,Naomi,489,1,Laem-Chabang
Cardenas,Tyler,Robin,489,0,Rotterdam
Aran,Velma,Helen,489,2,Singapore
Mankey,Barbara,Jocelyn,490,3,Salalah
Morgan,Jessica,Sandy,490,0,Tanger-Med
Adolphson,Michael,Nicholas,491,0,Klang
Rivas,Jill,Billie,491,2,Klang
Bollinger,Dorothy,Kelli,491,2,NingboZhoushan
Dodson,Geoffrey,Mary,491,0,Rotterdam
Simmons,Doreen,Jennie,491,3,Tokyo
Greene,Ann,Kris,492,1,Shanghai
Wolfe,Stacy,Nancy,493,2,Mundra
Toy,Earl,Michael,494,0,Los-Angeles
Rowland,Margaret,Karl,495,0,Dongguan
Valentine,Emily,William,495,1,Los-Angeles
Davidson,Linda,Stacey,495,0,Tokyo
Monroe,Dexter,William,495,2,Xiamen
Hernandez,Melba,Karen,496,3,Tanger-Med
Dickey,Terrell,Christina,496,0,Tanjung-Priok
Grubb,Sharon,Steven,496,1,Tianjin
Tyler,Ignacio,Jenny,498,3,Dalian
Burtner,Jeffrey,Evan,498,2,New-Jersey
Allen,Rachelle,Elsie,499,0,Lianyunguang
Neff,Shawanda,Mary,499,0,Piraeus
Lamoureux,Edward,Maria,500,1,Bremen
Herndon,Betty,William,500,1,Jebel
Torres,Helen,Sylvia,500,3,Tianjin
